,company_logo,company_name,job_title,level,location,salary_max,salary_min,tags
0,https://img.blognone.com/jobs/prod/56x56/logo/mekha-co-ltd.jpg,"MeKha CO., LTD",Senior Full Stack Developer,"Senior-Level, Full time", - บางรัก กรุงเทพมหานคร,80000,50000,"#bootstrap,#frontend,#php,#react-native,#symfony"
1,https://img.blognone.com/jobs/prod/56x56/logo/socket-9-co-ltd_4mB5hOt.jpg,"Socket 9 Co., Ltd.",Senior Back-end web developer,"Senior-Level, Full time", -  กรุงเทพมหานคร,50000,35000,"#c-sharp,#golang,#php"
2,https://img.blognone.com/jobs/prod/56x56/logo/t2p-company-limited.jpg,T2P Company Limited,Senior Mobile Developer (iOS),"Senior-Level, Full time", - วัฒนา กรุงเทพมหานคร,70000,40000,"#ios,#mvvm,#objective-c,#swift,#tdd"
3,https://img.blognone.com/jobs/prod/56x56/logo/t2p-company-limited.jpg,T2P Company Limited,Senior Mobile Developer (Android),"Senior-Level, Full time", - วัฒนา กรุงเทพมหานคร,70000,40000,"#android,#java,#kotlin,#mvvm,#tdd"
4,https://img.blognone.com/jobs/prod/56x56/logo/t2p-company-limited.jpg,T2P Company Limited,Senior Marketing Executive,"Senior-Level, Full time", - วัฒนา กรุงเทพมหานคร,50000,40000,"#collaboration,#communication,#planner,#social-media-marketing"
5,https://img.blognone.com/jobs/prod/56x56/logo/t2p-company-limited.jpg,T2P Company Limited,Senior / Middle Developer,"Senior-Level, Full time", - วัฒนา กรุงเทพมหานคร,80000,30000,"#golang,#php,#tdd"
6,https://img.blognone.com/jobs/prod/56x56/logo/t2p-company-limited.jpg,T2P Company Limited,Sale Executive,"Middle-Level, Full time", - วัฒนา กรุงเทพมหานคร,40000,20000,"#business,#collaboration,#presentation,#sales"
7,https://img.blognone.com/jobs/prod/56x56/logo/t2p-company-limited.jpg,T2P Company Limited,Project Manager,"Senior-Level, Full time", - วัฒนา กรุงเทพมหานคร,60000,40000,"#communication,#problem-solving,#project-management"
8,https://img.blognone.com/jobs/prod/56x56/logo/t2p-company-limited.jpg,T2P Company Limited,Business Development Specialist,"Senior-Level, Full time", - วัฒนา กรุงเทพมหานคร,70000,50000,"#collaboration,#communication,#leadership,#problem-solving,#project-management"
9,https://img.blognone.com/jobs/prod/56x56/logo/t2p-company-limited.jpg,T2P Company Limited,Application Support,"Middle-Level, Full time", - วัฒนา กรุงเทพมหานคร,30000,25000,"#crm,#pos"
10,https://img.blognone.com/jobs/prod/56x56/logo/oozou_KwlleZu.jpg,Oozou,Javascript Developer – alert('apply now!');,"Senior-Level, Full time", - วัฒนา กรุงเทพมหานคร,130000,50000,"#javascript,#nodejs,#react,#reactjs,#redux"
11,https://img.blognone.com/jobs/prod/56x56/logo/oozou_KwlleZu.jpg,Oozou,Android Developer,"Senior-Level, Full time", - วัฒนา กรุงเทพมหานคร,130000,50000,"#android,#java,#kotlin"
12,https://img.blognone.com/jobs/prod/56x56/logo/cmo-public-company-limited.jpg,CMO Public Company Limited,Front-End Developer,"Entry-Level, Full time", - บึงกุ่ม กรุงเทพมหานคร,35000,22000,"#angularjs,#css3,#html5,#jquery,#php"
13,https://img.blognone.com/jobs/prod/56x56/logo/cmo-public-company-limited.jpg,CMO Public Company Limited,Web Application Developer,"Entry-Level, Full time", - บึงกุ่ม กรุงเทพมหานคร,40000,25000,"#angularjs,#firebase,#ionic,#php,#sql"
14,https://img.blognone.com/jobs/prod/56x56/logo/backyard.jpg,Backyard,Junior Back-End Engineer,"Entry-Level, Full time", - สาทร กรุงเทพมหานคร,30000,20000,"#flask,#html,#python"
15,https://img.blognone.com/jobs/prod/56x56/logo/warit-tantivirasut.jpg,Niceloop,Frontend Developer,"Entry-Level, Full time", - ห้วยขวาง กรุงเทพมหานคร,35000,20000,"#android,#aws,#javascript,#nodejs,#reactjs"
16,https://img.blognone.com/jobs/prod/56x56/logo/cmo-public-company-limited.jpg,CMO Public Company Limited,Project Management (Digital in Event),"Entry-Level, Full time", - บึงกุ่ม กรุงเทพมหานคร,30000,20000,
17,https://img.blognone.com/jobs/prod/56x56/logo/2-3-perspective-co-ltd,"2 3 Perspective Co., Ltd.",☁️ iOS Engineer (Senior and Junior),"Entry-Level, Full time", - คลองเตย กรุงเทพมหานคร,99999,9999,"#ios,#mobile,#objective-c,#react-native,#swift"
18,https://img.blognone.com/jobs/prod/56x56/logo/event-pop.jpg,Eventpop,Web Developer,"Middle-Level, Full time", - วัฒนา กรุงเทพมหานคร,120000,40000,"#agile,#automatedtest,#aws,#reactjs,#ruby-on-rails"
19,https://img.blognone.com/jobs/prod/56x56/logo/event-pop.jpg,Eventpop,Mobile Developer,"Middle-Level, Full time", - วัฒนา กรุงเทพมหานคร,120000,40000,"#android,#application,#ios,#kotlin,#swift"
20,https://img.blognone.com/jobs/prod/56x56/logo/convolab,ConvoLab,Sales Executives / Account Manager,"Middle-Level, Full time", - พญาไท กรุงเทพมหานคร,70000,35000,"#business,#businessdevelopment,#marketing,#sales"
21,https://img.blognone.com/jobs/prod/56x56/logo/convolab,ConvoLab,NodeJS Developer,"Entry-Level, Full time", - พญาไท กรุงเทพมหานคร,48000,28000,"#devops,#javascript,#kubernetes,#nodejs,#typescript"
22,https://img.blognone.com/jobs/prod/56x56/logo/convolab,ConvoLab,Full-Stack Developer,"Entry-Level, Full time", - พญาไท กรุงเทพมหานคร,65000,30000,"#elastic-search,#javascript,#nodejs,#typescript"
23,https://img.blognone.com/jobs/prod/56x56/logo/convolab,ConvoLab,Frontend Developer,"Entry-Level, Full time", - พญาไท กรุงเทพมหานคร,48000,25000,"#javascript,#nodejs,#react,#reactjs,#typescript"
24,https://img.blognone.com/jobs/prod/56x56/logo/convolab,ConvoLab,QA Engineer,"Entry-Level, Full time", - พญาไท กรุงเทพมหานคร,38000,24000,"#javascript,#puppeteer,#selenium,#testscript"
25,https://img.blognone.com/jobs/prod/56x56/logo/intouch-marsvongpragorn_AsQSPLL.jpg,ViaBus,iOS Developer,"Entry-Level, Full time", - ปทุมวัน กรุงเทพมหานคร,50000,25000,"#ios,#objective-c,#swift"
26,https://img.blognone.com/jobs/prod/56x56/logo/intouch-marsvongpragorn_AsQSPLL.jpg,ViaBus,Full Stack Engineer,"Entry-Level, Full time", - ปทุมวัน กรุงเทพมหานคร,50000,25000,"#javascript,#php,#vuejs,#web-development"
27,https://img.blognone.com/jobs/prod/56x56/logo/intouch-marsvongpragorn_AsQSPLL.jpg,ViaBus,Android Developer,"Entry-Level, Full time", - ปทุมวัน กรุงเทพมหานคร,50000,25000,"#android,#java,#kotlin"
28,https://img.blognone.com/jobs/prod/56x56/logo/backyard.jpg,Backyard,Junior Front-End Engineer,"Entry-Level, Full time", - สาทร กรุงเทพมหานคร,30000,20000,"#css,#html,#javascript,#vuejs,#web-service"
29,https://img.blognone.com/jobs/prod/56x56/logo/dailitech,DailiTech,Cloud Solution Engineer - AWS (Junior/Senior),"Entry-Level, Full time", - ราชเทวี กรุงเทพมหานคร,40000,20000,"#aws,#cloud-engineer,#engineering,#software-engineer"
30,https://img.blognone.com/jobs/prod/56x56/logo/refinitiv.jpg,REFINITIV,Site Reliability Engineer (DevOps),"Middle-Level, Full time", - บางรัก กรุงเทพมหานคร,999999,999999,"#aws,#docker,#jenkins,#linux,#python"
31,https://img.blognone.com/jobs/prod/56x56/logo/creative-me_qmcB9jg.jpg,Creative Me,Web Back End Development,"Senior-Level, Full time", - พระโขนง กรุงเทพมหานคร,45000,30000,
32,https://img.blognone.com/jobs/prod/56x56/logo/gummy-bear-tech-recruitment_nvZv7jQ.jpg,Gummy Bear Tech Recruitment,Recruitment Consultant,"Entry-Level, Full time", - สาทร กรุงเทพมหานคร,35000,25000,#it
33,https://img.blognone.com/jobs/prod/56x56/logo/tech-startup-b2c-in-car-industry-mrt-line_cB9gCWJ.jpg,Tech startup – B2C in car industry (MRT line),Performance marketing specialist,"Middle-Level, Full time", -  กรุงเทพมหานคร,50000,45000,"#affiliate,#analytic,#facebook,#sem,#seo"
34,https://img.blognone.com/jobs/prod/56x56/logo/tech-startup-b2c-in-car-industry-mrt-line_cB9gCWJ.jpg,Tech startup – B2C in car industry (MRT line),Content marketing editor,"Middle-Level, Full time", -  กรุงเทพมหานคร,40000,30000,"#advertising,#cms,#contentmarketing,#marketing,#storytelling"
35,https://img.blognone.com/jobs/prod/56x56/logo/wisesight-hq-thailand,WISESIGHT HQ (Thailand),Junior Full Stack Developer (New grads),"Entry-Level, Full time", - ห้วยขวาง กรุงเทพมหานคร,35000,25000,"#agile,#javascript,#mysql,#php,#python"
36,https://img.blognone.com/jobs/prod/56x56/logo/wisesight-hq-thailand,WISESIGHT HQ (Thailand),Software Engineering (New grads),"Entry-Level, Full time", - จตุจักร กรุงเทพมหานคร,45000,25000,"#javascript,#mongodb,#mysql,#php,#python"
37,https://img.blognone.com/jobs/prod/56x56/logo/true-e-logistics.jpg,True E-Logistics,Fullstack Developer,"Senior-Level, Full time", - พระโขนง กรุงเทพมหานคร,100000,25000,"#docker,#golang,#microservices,#nodejs,#react"
38,https://img.blognone.com/jobs/prod/56x56/logo/beehive.jpg,Beehive,PHP Developer,"Entry-Level, Full time", - จตุจักร กรุงเทพมหานคร,40000,18000,"#agile,#bootstrap,#codeigniter,#javascript,#php"
39,https://img.blognone.com/jobs/prod/56x56/logo/data-wow-co-ltd,"Data Wow Co.,Ltd","Full-stack Developer - Ruby on Rails, ReactJS","Senior-Level, Full time", - พระโขนง กรุงเทพมหานคร,150000,50000,"#aws,#mongodb,#react,#rspec,#ruby-on-rails"
40,https://img.blognone.com/jobs/prod/56x56/logo/bluepi-co-ltd.jpg,"BluePI Co., Ltd.",Software Engineer,"Entry-Level, Full time", - สาทร กรุงเทพมหานคร,100000,50000,"#golang,#java,#web-api,#web-design,#web-service-development"
41,https://img.blognone.com/jobs/prod/56x56/logo/wisesight-hq-thailand,WISESIGHT HQ (Thailand),Assistant Product Owner,"Middle-Level, Full time", - จตุจักร กรุงเทพมหานคร,45000,25000,"#business,#technical,#ux-ui"
42,https://img.blognone.com/jobs/prod/56x56/logo/existing-company.jpg,The Existing Company,Front-End Spacecrafter (Developer),"Entry-Level, Full time", -  กรุงเทพมหานคร,40000,25000,"#angular,#javascript,#react,#vuejs"
43,https://img.blognone.com/jobs/prod/56x56/logo/e-synergy-co-ltd.jpg,"e-Synergy Co., Ltd.",C# or JAVA Programmer,"Middle-Level, Full time", - สาทร กรุงเทพมหานคร,50000,25000,"#c-sharp,#java,#oracle,#sql"
44,https://img.blognone.com/jobs/prod/56x56/logo/e-synergy-co-ltd.jpg,"e-Synergy Co., Ltd.",System Analyst,"Middle-Level, Full time", - สาทร กรุงเทพมหานคร,55000,25000,"#analytic,#c-sharp,#design,#sql-server"
45,https://img.blognone.com/jobs/prod/56x56/logo/pi-r-square,Pi R Square,iOS Developer,"Middle-Level, Full time", - ห้วยขวาง กรุงเทพมหานคร,50000,30000,"#ios,#swift"
46,https://img.blognone.com/jobs/prod/56x56/logo/pi-r-square,Pi R Square,Backend / Server Side Developer,"Middle-Level, Full time", - ห้วยขวาง กรุงเทพมหานคร,30000,20000,"#angularjs,#nodejs,#php,#react"
47,https://img.blognone.com/jobs/prod/56x56/logo/pi-r-square,Pi R Square,QA Tester,"Middle-Level, Full time", - ห้วยขวาง กรุงเทพมหานคร,28000,23000,"#management,#test-case,#test-plan,#testing"
48,https://img.blognone.com/jobs/prod/56x56/logo/pi-r-square,Pi R Square,Full Stack Developer,"Middle-Level, Full time", - ห้วยขวาง กรุงเทพมหานคร,30000,25000,
49,https://img.blognone.com/jobs/prod/56x56/logo/pi-r-square,Pi R Square,Senior Designer,"Senior-Level, Full time", - ห้วยขวาง กรุงเทพมหานคร,60000,40000,"#illustrator,#photoshop,#ui,#ux-ui"
50,https://img.blognone.com/jobs/prod/56x56/logo/pi-r-square,Pi R Square,Project Manager,"Middle-Level, Full time", - ห้วยขวาง กรุงเทพมหานคร,45000,25000,"#communication,#management,#problem-solving"
51,https://img.blognone.com/jobs/prod/56x56/logo/pi-r-square,Pi R Square,Database Analyst,"Middle-Level, Full time", - ห้วยขวาง กรุงเทพมหานคร,40000,25000,"#mongodb,#mysql,#sql"
52,https://img.blognone.com/jobs/prod/56x56/logo/magnetolabs-co-ltd.jpg,"Magnetolabs Co., Ltd.",Digital Planner (Inbound Marketer),"Entry-Level, Full time", - บางรัก กรุงเทพมหานคร,35000,17000,"#contentmarketing,#digitalmarketing,#inboundmarketing,#marketing,#planner"
53,https://img.blognone.com/jobs/prod/56x56/logo/phasai-production-co-ltd.jpg,"Phasai Production Co.,Ltd",[Female Only] Fullstack (CTO) & UX/UI (CXO),"Senior-Level, Full time", - บึงกุ่ม กรุงเทพมหานคร,40000,10000,"#andriod,#ios,#javascript,#mongodb,#nodejs"
54,https://img.blognone.com/jobs/prod/56x56/logo/finnomena-co-ltd.jpg,"Finnomena.Co.,Ltd.",Full Stack Developer,"Entry-Level, Full time", - บางรัก กรุงเทพมหานคร,55000,45000,"#css3,#golang,#html,#javascript,#sql"
55,https://img.blognone.com/jobs/prod/56x56/logo/phasai-production-co-ltd.jpg,"Phasai Production Co.,Ltd",[Female Only] Fullstack (CTO) & UX/UI (CXO),"Senior-Level, Full time", - บึงกุ่ม กรุงเทพมหานคร,40000,10000,"#adobe-xd,#illustrator,#presentation,#research,#ux-ui"
56,https://img.blognone.com/jobs/prod/56x56/logo/qapstone-consulting-group-recruitment-co-ltd_uyJtBpW.jpg,"Qapstone Consulting Group Recruitment Co., Ltd.",iOS / Android Developer upto 80k,"Middle-Level, Full time", - วัฒนา กรุงเทพมหานคร,80000,35000,
57,https://img.blognone.com/jobs/prod/56x56/logo/readyplanet-co-ltd.jpg,"ReadyPlanet Co., Ltd.","Software Developer (React, NodesJs)","Entry-Level, Full time", - ดินแดง กรุงเทพมหานคร,40000,30000,"#css,#html,#javascript,#nodejs,#react"
58,https://img.blognone.com/jobs/prod/56x56/logo/readyplanet-co-ltd.jpg,"ReadyPlanet Co., Ltd.","Software Developer (VueJS, NodesJS, PHP)","Entry-Level, Full time", - ดินแดง กรุงเทพมหานคร,25000,20000,"#mysql,#nodejs,#php,#responsivedesign,#vuejs"
59,https://img.blognone.com/jobs/prod/56x56/logo/clicknext.jpg,Clicknext,"Programmer (C#, ASP.Net, PHP)","Entry-Level, Full time", - พญาไท กรุงเทพมหานคร,45000,20000,
60,https://img.blognone.com/jobs/prod/56x56/logo/clicknext.jpg,Clicknext,Full Stack Developer,"Entry-Level, Full time", - พญาไท กรุงเทพมหานคร,45000,20000,
61,https://img.blognone.com/jobs/prod/56x56/logo/clicknext.jpg,Clicknext,iOS หรือ Android Programmer,"Entry-Level, Full time", - พญาไท กรุงเทพมหานคร,45000,20000,
62,https://img.blognone.com/jobs/prod/56x56/logo/skooldio.jpg,Skooldio,Application Support,"Middle-Level, Full time", - ปทุมวัน กรุงเทพมหานคร,50000,25000,"#mysql,#nodejs,#php,#react"
63,https://img.blognone.com/jobs/prod/56x56/logo/skooldio.jpg,Skooldio,Business Development Associate,"Entry-Level, Full time", - ปทุมวัน กรุงเทพมหานคร,75000,30000,"#business,#businessdevelopment,#sales"
64,https://img.blognone.com/jobs/prod/56x56/logo/skooldio.jpg,Skooldio,Software Engineer,"Middle-Level, Full time", - ปทุมวัน กรุงเทพมหานคร,75000,30000,"#docker,#javascript,#mysql,#nodejs,#react"
65,https://img.blognone.com/jobs/prod/56x56/logo/mekha-co-ltd.jpg,"MeKha CO., LTD",Senior Full Stack Developer,"Senior-Level, Full time", - บางรัก กรุงเทพมหานคร,80000,50000,"#bootstrap,#frontend,#php,#react-native,#symfony"
66,https://img.blognone.com/jobs/prod/56x56/logo/onedaycat_vIPTff1.jpg,Onedaycat,UX Designer (Mobile app และ Web),"Middle-Level, Full time", - พระโขนง กรุงเทพมหานคร,80000,50000,"#affinity,#designer,#illustrator,#photoshop,#sketch"
67,https://img.blognone.com/jobs/prod/56x56/logo/onedaycat_vIPTff1.jpg,Onedaycat,Frontend Developer (Vue),"Middle-Level, Full time", - พระโขนง กรุงเทพมหานคร,70000,30000,"#html,#html5,#javascript,#nodejs,#vuejs"
68,https://img.blognone.com/jobs/prod/56x56/logo/tourkrub-com-company-limited_CfTWz54.jpg,Tourkrub,Front-End Developer (Urgent!!!!),"Middle-Level, Full time", - วัฒนา กรุงเทพมหานคร,70000,20000,"#github,#javascript,#nodejs,#react-native,#ruby-on-rails"
69,https://img.blognone.com/jobs/prod/56x56/logo/brisath-thaamkhruu-cchamkad.jpg,Taamkru Ltd.,Software Engineer,"Middle-Level, Full time", - วัฒนา กรุงเทพมหานคร,40000,24000,"#javascript,#mysql,#python,#react,#react-native"
70,https://img.blognone.com/jobs/prod/56x56/logo/onedaycat_vIPTff1.jpg,Onedaycat,Backend developer (Golang),"Middle-Level, Full time", - พระโขนง กรุงเทพมหานคร,70000,30000,"#ci-cd,#docker,#golang,#kubernetes,#nodejs"
71,https://img.blognone.com/jobs/prod/56x56/logo/bangkok-payment-solutions-co-ltd.jpg,"Bangkok Payment Solutions Co., Ltd.",QA Automation Test Lead,"Senior-Level, Full time", - จตุจักร กรุงเทพมหานคร,100000,50000,
72,https://img.blognone.com/jobs/prod/56x56/logo/bangkok-payment-solutions-co-ltd.jpg,"Bangkok Payment Solutions Co., Ltd.",Senior Developer (EDC),"Senior-Level, Full time", - จตุจักร กรุงเทพมหานคร,40000,20000,
73,https://img.blognone.com/jobs/prod/56x56/logo/codemobiles-co-ltd.jpg,"CodeMobiles Co.,Ltd.",Web Developer (ด่วน!),"Middle-Level, Full time", - บางคอแหลม กรุงเทพมหานคร,50000,20000,"#angular,#angularjs,#bootstrap,#mysql,#nodejs"
74,https://img.blognone.com/jobs/prod/56x56/logo/codemobiles-co-ltd.jpg,"CodeMobiles Co.,Ltd.",Android Developer (ด่วน!),"Middle-Level, Full time", - บางคอแหลม กรุงเทพมหานคร,50000,20000,"#android,#android-studio,#java,#kotlin,#mobile-application"
75,https://img.blognone.com/jobs/prod/56x56/logo/defense-me-co-ltd,"Defense Me Co.,Ltd.",Frontend Developer (React Native or Angular),"Entry-Level, Full time", - จตุจักร กรุงเทพมหานคร,35000,25000,"#css3,#javascript,#webapp"
76,https://img.blognone.com/jobs/prod/56x56/logo/thinknet-co-ltd,"THiNKNET Co., Ltd.",Software Quality Assurance (Automation Test),"Middle-Level, Full time", - บางรัก กรุงเทพมหานคร,35000,23000,"#katalon,#robotframework,#selenium"
77,https://img.blognone.com/jobs/prod/56x56/logo/thinknet-co-ltd,"THiNKNET Co., Ltd.",Software Engineer (Web / Mobile Developer),"Middle-Level, Full time", - บางรัก กรุงเทพมหานคร,50000,25000,"#laravel,#nodejs,#php,#react,#reactnative"
78,https://img.blognone.com/jobs/prod/56x56/logo/thinknet-co-ltd,"THiNKNET Co., Ltd.",Site Reliability Engineer,"Middle-Level, Full time", - บางรัก กรุงเทพมหานคร,50000,25000,"#aws,#docker,#kubernetes,#network"
79,https://img.blognone.com/jobs/prod/56x56/logo/thinknet-co-ltd,"THiNKNET Co., Ltd.",Senior Software Engineer (Senior Web Develope,"Senior-Level, Full time", - บางรัก กรุงเทพมหานคร,70000,35000,"#kubernetes,#nodejs,#react,#react-native"
80,https://img.blognone.com/jobs/prod/56x56/logo/thinknet-co-ltd,"THiNKNET Co., Ltd.",Front-End Developer,"Entry-Level, Full time", - บางรัก กรุงเทพมหานคร,40000,25000,"#css,#html5,#react,#react-native,#scss"
81,https://img.blognone.com/jobs/prod/56x56/logo/suffix-co-ltd.jpg,"SUFFIX CO.,LTD",Website Tester & Support,"Entry-Level, Full time", - วัฒนา กรุงเทพมหานคร,40000,20000,"#robotframework,#unittest"
82,https://img.blognone.com/jobs/prod/56x56/logo/suffix-co-ltd.jpg,"SUFFIX CO.,LTD",Back-end Developer,"Entry-Level, Full time", - วัฒนา กรุงเทพมหานคร,60000,25000,"#java,#javascript,#laravel,#php,#wordpress"
83,https://img.blognone.com/jobs/prod/56x56/logo/kis-international-school.jpg,KIS International School,ICT System Support Administrator,"Entry-Level, Full time", - ห้วยขวาง กรุงเทพมหานคร,30000,25000,
84,https://img.blognone.com/jobs/prod/56x56/logo/digital-ventures-co-ltd.jpg,"Digital Ventures Co., Ltd.",Java Developer,"Entry-Level, Full time", - คลองเตย กรุงเทพมหานคร,90000,25000,
85,https://img.blognone.com/jobs/prod/56x56/logo/head-of-technology.jpg,Fiveloop Company Limited,Full Stack Developer,"Middle-Level, Full time", - ห้วยขวาง กรุงเทพมหานคร,40000,25000,"#aws,#javascript,#nodejs,#php,#reactjs"
86,https://img.blognone.com/jobs/prod/56x56/logo/ewit-co-ltd.jpg,"EWIT Co.,ltd.",Web Developer Officer / Sr.,"Entry-Level, Full time", - บางรัก กรุงเทพมหานคร,35000,20000,
87,https://img.blognone.com/jobs/prod/56x56/logo/wisdom-vast-co-ltd,"Wisdom Vast Co.,Ltd.",Front-end Developer2อัตรา (siteพหลโยธิน-อารี),"Middle-Level, Full time", - พญาไท กรุงเทพมหานคร,50000,35000,"#angular2,#mongodb,#nodejs,#react,#restful"
88,https://img.blognone.com/jobs/prod/56x56/logo/o-plus.jpg,O-PLUS,โปรแกรมเมอร์(Web Developer),"Entry-Level, Full time", - ปทุมวัน กรุงเทพมหานคร,50000,40000,"#c-sharp,#css,#git,#html,#javascript"
89,https://img.blognone.com/jobs/prod/56x56/logo/humanica-public-company-limited.jpg,Humanica Public Company Limited,System Analyst,"Entry-Level, Full time", - ปทุมวัน กรุงเทพมหานคร,50000,35000,"#systemanalyst,#systemdesign"
90,https://img.blognone.com/jobs/prod/56x56/logo/panyatara-company-limited,Panyatara Company Limited,Digital Learning Developer,"Middle-Level, Full time", - ปากเกร็ด นนทบุรี,30000,18000,
91,https://img.blognone.com/jobs/prod/56x56/logo/digital-connect-ltd.jpg,Digital Connect Ltd.,IT & Marketing Manager,"Middle-Level, Full time", - สวนหลวง กรุงเทพมหานคร,70000,40000,
92,https://img.blognone.com/jobs/prod/56x56/logo/wisesight-hq-thailand,WISESIGHT HQ (Thailand),AI Developer,"Entry-Level, Full time", - จตุจักร กรุงเทพมหานคร,45000,25000,"#deeplearning,#machine-learning,#nlp"
93,https://img.blognone.com/jobs/prod/56x56/logo/locus-telecommunication-inc.jpg,Locus Telecommunication Inc. Ltd.,Back End Developer (Java),"Middle-Level, Contract", - ห้วยขวาง กรุงเทพมหานคร,65000,40000,"#hibernate,#java,#spring-framework,#springboot,#sql-server"
94,https://img.blognone.com/jobs/prod/56x56/logo/data-wow-co-ltd,"Data Wow Co.,Ltd",Frontend Developer - ReactJS (Tokyo),"Middle-Level, Full time", - พระโขนง กรุงเทพมหานคร,100000,30000,"#ajax,#css,#html,#javascript,#reactjs"
95,https://img.blognone.com/jobs/prod/56x56/logo/t2p-company-limited.jpg,T2P Company Limited,Senior / Middle Developer,"Senior-Level, Full time", - วัฒนา กรุงเทพมหานคร,80000,30000,"#golang,#php,#tdd"
96,https://img.blognone.com/jobs/prod/56x56/logo/30-secondstofly-co-ltd.jpg,"30 SecondsToFly Co., Ltd.",Sr. Quality Assurance Engineer,"Senior-Level, Full time", - พระโขนง กรุงเทพมหานคร,70000,45000,"#automatedtest,#docker,#testscript"
97,https://img.blognone.com/jobs/prod/56x56/logo/locus-telecommunication-inc.jpg,Locus Telecommunication Inc. Ltd.,Front End Developer,"Middle-Level, Contract", - ห้วยขวาง กรุงเทพมหานคร,60000,40000,"#angular2,#bootstrap,#java,#jquery,#spring-framework"
98,https://img.blognone.com/jobs/prod/56x56/logo/digital-connect-ltd.jpg,Digital Connect Ltd.,Frontend Developer & Software Engineer,"Entry-Level, Contract", - สวนหลวง กรุงเทพมหานคร,50000,20000,"#php,#reactjs,#redux"
99,https://img.blognone.com/jobs/prod/56x56/logo/30-secondstofly-co-ltd.jpg,"30 SecondsToFly Co., Ltd.",Sr. Quality Assurance Engineer,"Senior-Level, Full time", - พระโขนง กรุงเทพมหานคร,70000,45000,"#automatedtest,#docker,#testscript"
100,https://img.blognone.com/jobs/prod/56x56/logo/30-secondstofly-co-ltd.jpg,"30 SecondsToFly Co., Ltd.",Junior Node Developer,"Entry-Level, Full time", - พระโขนง กรุงเทพมหานคร,55000,33000,"#microservices,#nodejs,#postgresql,#redis,#unittest"
101,https://img.blognone.com/jobs/prod/56x56/logo/flipay-co-ltd.jpg,"Flipay Co., Ltd.",Senior Software Engineer,"Senior-Level, Full time", - ปทุมวัน กรุงเทพมหานคร,120000,60000,"#backend,#elixir,#functional,#ruby"
102,https://img.blognone.com/jobs/prod/56x56/logo/spice-shop-by-post-bangkok.jpg,Spice Shop By The Post Bangkok,Compositor,"Middle-Level, Full time", - วังทองหลาง กรุงเทพมหานคร,30000,25000,#after-effect
103,https://img.blognone.com/jobs/prod/56x56/logo/flipay-co-ltd.jpg,"Flipay Co., Ltd.",Senior Software Engineer (Elixir),"Senior-Level, Full time", - ปทุมวัน กรุงเทพมหานคร,120000,60000,"#backend,#cryptocurrency,#elixir,#functional,#ruby"
104,https://img.blognone.com/jobs/prod/56x56/logo/magic-box-asia-co-ltd_CXRzUt6.jpg,"Magic Box Asia Co., Ltd.",Revenue Manager,"Senior-Level, Full time", - บางรัก กรุงเทพมหานคร,50000,25000,"#negotiation,#presentation,#problem-solving,#sales"
105,https://img.blognone.com/jobs/prod/56x56/logo/magic-box-asia-co-ltd_CXRzUt6.jpg,"Magic Box Asia Co., Ltd.",Frontend Developer (React Native/ReactJs),"Entry-Level, Full time", - บางรัก กรุงเทพมหานคร,35000,20000,"#frontend,#react,#react-native,#reactjs"
106,https://img.blognone.com/jobs/prod/56x56/logo/donuts-bangkok-co-ltd.jpg,"Donuts Bangkok Co., Ltd.",Front-End / Back-End Developer,"Entry-Level, Full time", - ห้วยขวาง กรุงเทพมหานคร,50000,25000,"#database-development,#databasedesign,#golang,#ruby-on-rails,#server"
107,https://img.blognone.com/jobs/prod/56x56/logo/donuts-bangkok-co-ltd.jpg,"Donuts Bangkok Co., Ltd.",Full-Stack Developer,"Entry-Level, Full time", - ห้วยขวาง กรุงเทพมหานคร,50000,25000,"#aws,#git,#laravel,#php,#rubu"
108,https://img.blognone.com/jobs/prod/56x56/logo/icp-ladda.jpg,ICP Ladda,System Analyst (SA),"Middle-Level, Full time", - บางรัก กรุงเทพมหานคร,60000,20000,"#asp.net,#html,#javascript,#oracle,#sql"
109,https://img.blognone.com/jobs/prod/56x56/logo/bighead-creative-co-ltd,"Bighead Creative Co.,ltd.",Developers จำนวน 3 ท่าน,"Middle-Level, Full time", - ลำลูกกา ปทุมธานี,70000,25000,
110,https://img.blognone.com/jobs/prod/56x56/logo/wisesight-hq-thailand,WISESIGHT HQ (Thailand),Software Engineering (New grads),"Entry-Level, Full time", - จตุจักร กรุงเทพมหานคร,45000,25000,"#javascript,#mongodb,#mysql,#php,#python"
111,https://img.blognone.com/jobs/prod/56x56/logo/icp-ladda.jpg,ICP Ladda,Full stack web developer (นักพัฒนาเว็ป),"Middle-Level, Full time", - บางรัก กรุงเทพมหานคร,60000,25000,"#css3,#html5,#javascript,#json,#mysql"
112,https://img.blognone.com/jobs/prod/56x56/logo/bluebik-group-co-ltd,"Bluebik Group Co.,Ltd.",Backend Developer (Junior/Senior),"Entry-Level, Full time", - บางรัก กรุงเทพมหานคร,80000,30000,
113,https://img.blognone.com/jobs/prod/56x56/logo/siam-wellness-group-public-company-limited,Siam Wellness Group Public Company Limited,Full-Stack Web Developer,"Entry-Level, Full time", - ดินแดง กรุงเทพมหานคร,35000,28000,"#ajax,#javascript,#laravel,#mysql,#php"
114,https://img.blognone.com/jobs/prod/56x56/logo/rockyou-thailand-co-ltd.jpg,"Wild Sky Media Co., Ltd.",QA Analyst - Software Quality Assurance,"Entry-Level, Full time", - สาทร กรุงเทพมหานคร,45000,35000,"#agile,#jira,#manual"
115,https://img.blognone.com/jobs/prod/56x56/logo/rockyou-thailand-co-ltd.jpg,"Wild Sky Media Co., Ltd.",Front End Developer-Software Engineer : React,"Middle-Level, Full time", - สาทร กรุงเทพมหานคร,90000,55000,"#css,#html,#javascript,#react"
116,https://img.blognone.com/jobs/prod/56x56/logo/byi-co-ltd.jpg,"BYI Co, Ltd.",Programmer & Web Developer (C#),"Entry-Level, Full time", - พญาไท กรุงเทพมหานคร,50000,18000,"#asp.net,#c-sharp,#entity-framework,#sql-server,#web-service"
117,https://img.blognone.com/jobs/prod/56x56/logo/winwin-interactive-co-ltd.jpg,"WinWin Interactive Co., Ltd.","iOS Developer (เงินเดือน 40,000-80,000 บาท)","Entry-Level, Full time", - วัฒนา กรุงเทพมหานคร,80000,40000,"#ios,#objective-c,#oop,#swift,#web-service"
118,https://img.blognone.com/jobs/prod/56x56/logo/winwin-interactive-co-ltd.jpg,"WinWin Interactive Co., Ltd.","Web Programmer (เงินเดือน 20,000-50,000 บาท)","Entry-Level, Full time", - วัฒนา กรุงเทพมหานคร,50000,20000,"#css,#html5,#jquery,#php,#sql"
119,https://img.blognone.com/jobs/prod/56x56/logo/wisesoft,WiseSoft,System Analyst / Business Analyst,"Middle-Level, Full time", - พญาไท กรุงเทพมหานคร,65000,30000,"#businessdevelopment,#etl,#java,#software-development,#systemanalysis"
120,https://img.blognone.com/jobs/prod/56x56/logo/wisesoft,WiseSoft,JAVA Developer,"Middle-Level, Full time", - พญาไท กรุงเทพมหานคร,60000,25000,"#angular,#java,#javascript,#sa,#spring-framework"
121,https://img.blognone.com/jobs/prod/56x56/logo/wisesoft,WiseSoft,ETL/BI Developer,"Middle-Level, Full time", - พญาไท กรุงเทพมหานคร,65000,30000,"#bi,#big-data,#etl,#java,#report"
122,https://img.blognone.com/jobs/prod/56x56/logo/30-secondstofly-co-ltd.jpg,"30 SecondsToFly Co., Ltd.",Senior Developer,"Senior-Level, Full time", - พระโขนง กรุงเทพมหานคร,125000,100000,"#chatbot,#docker,#nlp,#postgresql,#tdd"
123,https://img.blognone.com/jobs/prod/56x56/logo/dek-d-interactive-co-ltd,Dek-D Interactive Co.ltd (Dek-D.COM),iOS Developer,"Entry-Level, Full time", - บางรัก กรุงเทพมหานคร,50000,30000,
124,https://img.blognone.com/jobs/prod/56x56/logo/box24-company-limited.jpg,"Box24 Co., Ltd.",iOS Developer,"Middle-Level, Full time", - พญาไท กรุงเทพมหานคร,55000,35000,"#auto-layout,#mvvm,#objective-c,#swift"
125,https://img.blognone.com/jobs/prod/56x56/logo/dek-d-interactive-co-ltd,Dek-D Interactive Co.ltd (Dek-D.COM),Full Stack Developer (PHP & Javascript),"Entry-Level, Full time", - บางรัก กรุงเทพมหานคร,80000,35000,
126,https://img.blognone.com/jobs/prod/56x56/logo/ism-technology-recruitment-ltd.jpg,ISM Technology Recruitment Ltd.,Business Intelligence Senior Analyst,"Senior-Level, Full time", - สาทร กรุงเทพมหานคร,90000,70000,
127,https://img.blognone.com/jobs/prod/56x56/logo/ism-technology-recruitment-ltd.jpg,ISM Technology Recruitment Ltd.,Business Analyst,"Middle-Level, Full time", - ทวีวัฒนา กรุงเทพมหานคร,90000,50000,"#java,#javascript,#mysql,#sql,#web-service"
128,https://img.blognone.com/jobs/prod/56x56/logo/ism-technology-recruitment-ltd.jpg,ISM Technology Recruitment Ltd.,Application Support Analyst,"Middle-Level, Full time", - สาทร กรุงเทพมหานคร,90000,35000,"#java,#javascript,#mysql,#sql,#web-service"
129,https://img.blognone.com/jobs/prod/56x56/logo/nithiphathr-olwikhaakrtikul,I GEAR GEEK,Web Developer,"Entry-Level, Full time", - เมืองเชียงใหม่ เชียงใหม่,35000,18000,"#html,#javascript,#laravel,#php,#react"
130,https://img.blognone.com/jobs/prod/56x56/logo/arincare,ARINCARE,Media / Content Creator - Internship ฝึกงาน,"Entry-Level, Internship", - พระโขนง กรุงเทพมหานคร,1000,1000,"#content,#contentmarketing,#design,#photoshop,#seo"
131,https://img.blognone.com/jobs/prod/56x56/logo/arincare,ARINCARE,Development Team Lead,"Senior-Level, Full time", - วัฒนา กรุงเทพมหานคร,80000,40000,"#aws,#git,#linux,#mysql,#php"
132,https://img.blognone.com/jobs/prod/56x56/logo/arincare,ARINCARE,Full-Stack Developer,"Senior-Level, Full time", - พระโขนง กรุงเทพมหานคร,80000,65000,"#laravel,#mysql,#php,#reactjs,#vuejs"
133,https://img.blognone.com/jobs/prod/56x56/logo/arincare,ARINCARE,Customer Service Representatives,"Entry-Level, Full time", - พระโขนง กรุงเทพมหานคร,25000,15000,"#businessdevelopment,#communication,#social-media-marketing,#support"
134,https://img.blognone.com/jobs/prod/56x56/logo/tanasan-trading-co-ltd.jpg,"Tanasan Trading Co.,Ltd.",Programmer,"Entry-Level, Full time", - ลาดพร้าว กรุงเทพมหานคร,20000,18000,"#ajax,#asp.net,#javascript,#mysql,#php"
135,https://img.blognone.com/jobs/prod/56x56/logo/varisoft.jpg,Varisoft,Game Designer นักออกแบบเกม,"Middle-Level, Full time", - คลองเตย กรุงเทพมหานคร,35000,18000,#gamedevelopment
136,https://img.blognone.com/jobs/prod/56x56/logo/aris.jpg,ARIS,Full Stack Developer,"Entry-Level, Full time", - สาทร กรุงเทพมหานคร,50000,30000,"#elastic-search,#javascript,#nodejs"
137,https://img.blognone.com/jobs/prod/56x56/logo/aris.jpg,ARIS,Business Developer,"Entry-Level, Full time", - สาทร กรุงเทพมหานคร,40000,25000,"#business,#ecommerce,#livestream,#sales"
138,https://img.blognone.com/jobs/prod/56x56/logo/ltman-co-ltd.jpg,"LTMAN Co.,Ltd.",Software Engineer - Native Mobile Developer,"Entry-Level, Full time", - ปทุมวัน กรุงเทพมหานคร,75000,25000,"#developer,#software-development"
139,https://img.blognone.com/jobs/prod/56x56/logo/electronics-extreme-co-ltd.jpg,"Electronics Extreme Co.,Ltd",Unity Developer,"Entry-Level, Full time", - เมืองนนทบุรี นนทบุรี,55000,25000,
140,https://img.blognone.com/jobs/prod/56x56/logo/electronics-extreme-co-ltd.jpg,"Electronics Extreme Co.,Ltd",Senior Database Administrator,"Entry-Level, Full time", - เมืองนนทบุรี นนทบุรี,50000,25000,
141,https://img.blognone.com/jobs/prod/56x56/logo/electronics-extreme-co-ltd.jpg,"Electronics Extreme Co.,Ltd",Senior Web Developer,"Entry-Level, Full time", - เมืองนนทบุรี นนทบุรี,55000,25000,#php
142,https://img.blognone.com/jobs/prod/56x56/logo/liclass-education-co-ltd.jpg,"Liclass Education.Co.,Ltd",Senior iOS developer,"Senior-Level, Full time", - ศรีราชา ชลบุรี,45000,35000,"#git,#ios,#problem-solving,#programming,#swift"
143,https://img.blognone.com/jobs/prod/56x56/logo/executive-marketing-services.jpg,Executive Marketing Services,รับสมัคร IT-Support (สื่อสารภาษาญี่ปุ่นได้),"Middle-Level, Contract", - บางพลี สมุทรปราการ,49998,40000,"#network,#support"
144,https://img.blognone.com/jobs/prod/56x56/logo/ntt-data-thailand-co-ltd.jpg,"NTT Data (Thailand) Co., Ltd.",Junior Programmer,"Entry-Level, Full time", - ปากเกร็ด นนทบุรี,30000,20000,#java
145,https://img.blognone.com/jobs/prod/56x56/logo/home-dot-tech,HOME dot TECH,Website manager,"Middle-Level, Full time", - จตุจักร กรุงเทพมหานคร,55000,45000,"#c-sharp,#css,#html5,#php"
146,https://img.blognone.com/jobs/prod/56x56/logo/boonmee-lab.jpg,Boonmee Lab,Software Engineer,"Middle-Level, Full time", - บางรัก กรุงเทพมหานคร,50000,30000,"#elastic-search,#mongodb,#nodejs,#vuejs"
147,https://img.blognone.com/jobs/prod/56x56/logo/rockyou-thailand-co-ltd.jpg,"Wild Sky Media Co., Ltd.",Student Intern 2019 / ฝึกงานไอที-โปรแกรมเมอร์,"Entry-Level, Internship", - สาทร กรุงเทพมหานคร,1000,1000,"#java,#php,#python,#react"
148,https://img.blognone.com/jobs/prod/56x56/logo/yuasa-battery-thailand-public-company-limited_ubX9xUy.jpg,"Just Media (Thailand) Co., Ltd",Front-end Developer,"Entry-Level, Full time", - สวนหลวง กรุงเทพมหานคร,60000,30000,"#angularjs,#laravel,#php,#react,#vuejs"
149,https://img.blognone.com/jobs/prod/56x56/logo/bluepi-co-ltd.jpg,"BluePI Co., Ltd.",HR Recruiter,"Entry-Level, Full time", - สาทร กรุงเทพมหานคร,50000,25000,#recruitment
150,https://img.blognone.com/jobs/prod/56x56/logo/mike-travers_c1CDPga.jpg,MyWorkpapers,Senior Full Stack Developers,"Senior-Level, Full time", - ปทุมวัน กรุงเทพมหานคร,120000,90000,"#angular,#c-sharp,#dotnet,#entityframework,#javascript"
151,https://img.blognone.com/jobs/prod/56x56/logo/mike-travers_c1CDPga.jpg,MyWorkpapers,Experienced Front End Developers,"Senior-Level, Full time", - ปทุมวัน กรุงเทพมหานคร,90000,70000,"#angular,#frontend,#html5,#javascript,#vuejs"
152,https://img.blognone.com/jobs/prod/56x56/logo/gdl-group-co-ltd.jpg,"GDL Group Co., Ltd",PLSQL Developer,"Middle-Level, Full time", -  กรุงเทพมหานคร,55000,40000,
153,https://img.blognone.com/jobs/prod/56x56/logo/gdl-group-co-ltd.jpg,"GDL Group Co., Ltd",Frontend Developer,"Middle-Level, Full time", -  กรุงเทพมหานคร,35000,20000,
154,https://img.blognone.com/jobs/prod/56x56/logo/gdl-group-co-ltd.jpg,"GDL Group Co., Ltd",Java Developer,"Middle-Level, Full time", -  กรุงเทพมหานคร,55000,30000,
155,https://img.blognone.com/jobs/prod/56x56/logo/thaivivat-insurance-public-company-limited.jpg,Thaivivat Insurance Public Company Limited,Backend developer,"Senior-Level, Full time", - พญาไท กรุงเทพมหานคร,70000,40000,"#docker,#javascript,#nodejs"
156,https://img.blognone.com/jobs/prod/56x56/logo/thaivivat-insurance-public-company-limited.jpg,Thaivivat Insurance Public Company Limited,iOS developer,"Middle-Level, Full time", - พญาไท กรุงเทพมหานคร,70000,30000,"#objective-c,#swift"
157,https://img.blognone.com/jobs/prod/56x56/logo/codemate-ltd.jpg,Codemate Ltd.,React Developer,"Entry-Level, Full time", - ห้วยขวาง กรุงเทพมหานคร,100000,40000,#react
158,https://img.blognone.com/jobs/prod/56x56/logo/codemate-ltd.jpg,Codemate Ltd.,"Android, IOS, Hybrid Mobile Developer","Entry-Level, Full time", - ห้วยขวาง กรุงเทพมหานคร,100000,40000,"#android,#flutter,#ios,#kotlin,#react-native"
159,https://img.blognone.com/jobs/prod/56x56/logo/neumerlin-group.jpg,NeuMerlin Group,Front-End Developer,"Entry-Level, Full time", - พญาไท กรุงเทพมหานคร,40000,25000,
160,https://img.blognone.com/jobs/prod/56x56/logo/neumerlin-group.jpg,NeuMerlin Group,Back-End/JAVA Developer,"Entry-Level, Full time", - พญาไท กรุงเทพมหานคร,40000,25000,
161,https://img.blognone.com/jobs/prod/56x56/logo/nanameue-inc_wPYI15j.jpg,Nanameue Inc.,"iOS / Android Mobile Developer (Tokyo, Japan)","Middle-Level, Full time", - พระโขนง กรุงเทพมหานคร,250000,80000,"#android,#git,#ios,#kotlin,#swift"
162,https://img.blognone.com/jobs/prod/56x56/logo/nanameue-inc_wPYI15j.jpg,Nanameue Inc.,"Ruby-on-Rails Developer (Tokyo, Japan)","Senior-Level, Full time", - พระโขนง กรุงเทพมหานคร,250000,80000,"#aws,#mysql,#postgresql,#redis,#ruby-on-rails"
163,https://img.blognone.com/jobs/prod/56x56/logo/nanameue-inc_wPYI15j.jpg,Nanameue Inc.,"Frontend Developer - React.js (Tokyo, Japan)","Middle-Level, Full time", - พระโขนง กรุงเทพมหานคร,250000,80000,"#css,#html,#javascript,#react,#reactjs"
164,https://img.blognone.com/jobs/prod/56x56/logo/codemobiles-co-ltd.jpg,"CodeMobiles Co.,Ltd.",IT Support POS System (ด่วน!),"Entry-Level, Full time", - บางคอแหลม กรุงเทพมหานคร,35000,15000,"#network,#pos,#support"
165,https://img.blognone.com/jobs/prod/56x56/logo/mirum-thailand.jpg,Mirum (Thailand),Mobile Application Developer,"Entry-Level, Full time", - คลองเตย กรุงเทพมหานคร,30000,18000,"#ajax,#html5,#java,#json,#react-native"
166,https://img.blognone.com/jobs/prod/56x56/logo/mirum-thailand.jpg,Mirum (Thailand),Front End Developer,"Entry-Level, Full time", - คลองเตย กรุงเทพมหานคร,30000,18000,"#angularjs,#git,#jquery,#react,#subversion"
167,https://img.blognone.com/jobs/prod/56x56/logo/xcellence-corporation-co-ltd.jpg,"Xcellence Corporation Co., Ltd.",Senior ERP Implementer / ERP Implementer,"Entry-Level, Full time", - ลาดพร้าว กรุงเทพมหานคร,40000,18000,
168,https://img.blognone.com/jobs/prod/56x56/logo/xcellence-corporation-co-ltd.jpg,"Xcellence Corporation Co., Ltd.",Senior C# Developer /  C# Developer,"Entry-Level, Full time", - ลาดพร้าว กรุงเทพมหานคร,50000,18000,
169,https://img.blognone.com/jobs/prod/56x56/logo/icon-framework.jpg,"Icon Framework co.,Ltd.",Tester,"Entry-Level, Full time", - พระโขนง กรุงเทพมหานคร,35000,25000,
170,https://img.blognone.com/jobs/prod/56x56/logo/magzune-co-ltd.jpg,"magzune co., ltd.","รับโปรแกรมเมอร์ PHP, .NET, Android Studio","Entry-Level, Full time", - จตุจักร กรุงเทพมหานคร,30000,20000,"#css,#html5,#javascript,#net,#php"
171,https://img.blognone.com/jobs/prod/56x56/logo/scb10x.jpg,SCB10X,Data and Insights Analyst,"Entry-Level, Full time", - จตุจักร กรุงเทพมหานคร,99999,29999,
172,https://img.blognone.com/jobs/prod/56x56/logo/gummy-bear-tech-recruitment_nvZv7jQ.jpg,Gummy Bear Tech Recruitment,Junior to Mid-Level DevOps Engineer (Max 65k),"Entry-Level, Full time", -  กรุงเทพมหานคร,65000,45000,"#aws,#kubernetes,#linux"
173,https://img.blognone.com/jobs/prod/56x56/logo/data-wow-co-ltd,"Data Wow Co.,Ltd","Full-stack Developer - Ruby on Rails, ReactJS","Senior-Level, Full time", - พระโขนง กรุงเทพมหานคร,150000,50000,"#aws,#mongodb,#react,#rspec,#ruby-on-rails"
174,https://img.blognone.com/jobs/prod/56x56/logo/data-wow-co-ltd,"Data Wow Co.,Ltd",Project Manager - Agile Mobile Development,"Middle-Level, Full time", - พระโขนง กรุงเทพมหานคร,100000,50000,"#agile,#jira,#kotlin,#project-management,#swift"
175,https://img.blognone.com/jobs/prod/56x56/logo/data-wow-co-ltd,"Data Wow Co.,Ltd",iOS / Android Mobile Developer,"Senior-Level, Full time", - พระโขนง กรุงเทพมหานคร,120000,50000,"#android,#git,#ios,#kotlin,#swift"
176,https://img.blognone.com/jobs/prod/56x56/logo/instaroid_7oqqb7H.jpg,Impressius,Product Development Engineer,"Entry-Level, Full time", - พระโขนง กรุงเทพมหานคร,26000,20000,#solidworks
177,https://img.blognone.com/jobs/prod/56x56/logo/30-secondstofly-co-ltd.jpg,"30 SecondsToFly Co., Ltd.",Junior React Developer,"Middle-Level, Full time", - พระโขนง กรุงเทพมหานคร,55000,30000,"#docker,#frontend,#javascript,#react,#unittest"
178,https://img.blognone.com/jobs/prod/56x56/logo/30-secondstofly-co-ltd.jpg,"30 SecondsToFly Co., Ltd.",Product Owner,"Entry-Level, Full time", - พระโขนง กรุงเทพมหานคร,110000,85000,"#analytics,#product-design,#project-management"
179,https://img.blognone.com/jobs/prod/56x56/logo/30-secondstofly-co-ltd.jpg,"30 SecondsToFly Co., Ltd.",Junior Python Developer,"Middle-Level, Full time", - พระโขนง กรุงเทพมหานคร,50000,30000,"#chatbot,#flask,#postgresql,#python,#unittest"
180,https://img.blognone.com/jobs/prod/56x56/logo/30-secondstofly-co-ltd.jpg,"30 SecondsToFly Co., Ltd.",Senior Data Scientist,"Senior-Level, Full time", - พระโขนง กรุงเทพมหานคร,125000,100000,"#data-science,#machine-learning,#postgresql,#python,#research"
181,https://img.blognone.com/jobs/prod/56x56/logo/30-secondstofly-co-ltd.jpg,"30 SecondsToFly Co., Ltd.",Senior GDS Developer,"Senior-Level, Full time", - พระโขนง กรุงเทพมหานคร,95000,75000,"#amadeus,#gds,#nodejs,#sabre,#unittest"
182,https://img.blognone.com/jobs/prod/56x56/logo/30-secondstofly-co-ltd.jpg,"30 SecondsToFly Co., Ltd.",UI / UX designer,"Middle-Level, Full time", - พระโขนง กรุงเทพมหานคร,80000,60000,"#adobe,#sketch,#ux-ui,#zeplin"
183,https://img.blognone.com/jobs/prod/56x56/logo/backyard.jpg,Backyard,Business Analyst,"Entry-Level, Full time", - สาทร กรุงเทพมหานคร,30000,20000,"#analytics,#business,#businessdevelopment,#data-science,#marketing"
184,https://img.blognone.com/jobs/prod/56x56/logo/backyard.jpg,Backyard,Software Tester,"Entry-Level, Full time", - สาทร กรุงเทพมหานคร,25000,20000,"#analytic,#businessdevelopment,#problem-solving,#software-development,#tester"
185,https://img.blognone.com/jobs/prod/56x56/logo/syscom-computer-thailand-co-ltd.jpg,"Syscom Computer (Thailand) Co.,Ltd.",System Engineer,"Middle-Level, Full time", - บางรัก กรุงเทพมหานคร,40000,25000,
186,https://img.blognone.com/jobs/prod/56x56/logo/pitipat-kao-ian.jpg,Chinnawat Panmongkol,Front-end Developer (React),"Entry-Level, Full time", - บางกะปิ กรุงเทพมหานคร,50000,23000,"#javascript,#react,#redux"
187,https://img.blognone.com/jobs/prod/56x56/logo/pitipat-kao-ian.jpg,Chinnawat Panmongkol,Back-end Developer (Node.js),"Entry-Level, Full time", - บางกะปิ กรุงเทพมหานคร,50000,23000,"#nestjs,#nodejs,#typescript"
188,https://img.blognone.com/jobs/prod/56x56/logo/locus-telecommunication-inc.jpg,Locus Telecommunication Inc. Ltd.,Lead Business Analyst,"Senior-Level, Full time", - ห้วยขวาง กรุงเทพมหานคร,90000,60000,
189,https://img.blognone.com/jobs/prod/56x56/logo/integra8t-co-ltd_muj0UVX.jpg,"Integra8t Co.,Ltd.",Software Tester,"Entry-Level, Full time", - วังทองหลาง กรุงเทพมหานคร,45000,25000,
190,https://img.blognone.com/jobs/prod/56x56/logo/integra8t-co-ltd_muj0UVX.jpg,"Integra8t Co.,Ltd.",Software Developer / Programmer,"Entry-Level, Full time", - วังทองหลาง กรุงเทพมหานคร,45000,20000,"#java,#javascript,#native,#objective-c,#react-native"
191,https://img.blognone.com/jobs/prod/56x56/logo/integra8t-co-ltd_muj0UVX.jpg,"Integra8t Co.,Ltd.",Business Analyst,"Entry-Level, Full time", - วังทองหลาง กรุงเทพมหานคร,45000,25000,
192,https://img.blognone.com/jobs/prod/56x56/logo/scale360-co-ltd_RXHG6S4.jpg,"Scale360 Co., Ltd.",Front-end Developer (Middle/Senior/Lead),"Middle-Level, Full time", - คลองเตย กรุงเทพมหานคร,75000,25000,"#react-native,#reactjs,#redux"
193,https://img.blognone.com/jobs/prod/56x56/logo/scale360-co-ltd_RXHG6S4.jpg,"Scale360 Co., Ltd.",Software Research Developer,"Middle-Level, Full time", - คลองเตย กรุงเทพมหานคร,75000,30000,"#backend,#research,#scala"
194,https://img.blognone.com/jobs/prod/56x56/logo/scale360-co-ltd_RXHG6S4.jpg,"Scale360 Co., Ltd.",Back-end Developer (Junior/Middle/Senior),"Middle-Level, Full time", - คลองเตย กรุงเทพมหานคร,75000,25000,"#java,#mongodb,#scala"
195,https://img.blognone.com/jobs/prod/56x56/logo/mid-level-php-web-developer.jpg,Morphosis Apps Co. Ltd.,UI Designer,"Middle-Level, Full time", - บางรัก กรุงเทพมหานคร,60000,10000,"#design,#graphic,#sketch,#ui,#wireframe"
196,https://img.blognone.com/jobs/prod/56x56/logo/mid-level-php-web-developer.jpg,Morphosis Apps Co. Ltd.,Front End Developer,"Middle-Level, Full time", - บางรัก กรุงเทพมหานคร,60000,10000,"#angular,#css,#html5,#javascript,#react"
197,https://img.blognone.com/jobs/prod/56x56/logo/mid-level-php-web-developer.jpg,Morphosis Apps Co. Ltd.,Back End Developer,"Middle-Level, Full time", - บางรัก กรุงเทพมหานคร,60000,10000,"#nodejs,#oop,#php,#python,#ruby"
198,https://img.blognone.com/jobs/prod/56x56/logo/humanica-public-company-limited.jpg,Humanica Public Company Limited,Developer Support,"Entry-Level, Full time", - ปทุมวัน กรุงเทพมหานคร,30000,20000,"#developer,#support"
199,https://img.blognone.com/jobs/prod/56x56/logo/humanica-public-company-limited.jpg,Humanica Public Company Limited,Software Developer (C#.Net),"Entry-Level, Full time", - ปทุมวัน กรุงเทพมหานคร,50000,20000,"#angular,#c-sharp,#javascript,#programmer,#sql"
200,https://img.blognone.com/jobs/prod/56x56/logo/home-dot-tech,HOME dot TECH,Backend developer,"Entry-Level, Full time", - ปทุมวัน กรุงเทพมหานคร,35000,25000,"#javascript,#mongodb,#nodejs"
201,https://img.blognone.com/jobs/prod/56x56/logo/bluebik-group-co-ltd,"Bluebik Group Co.,Ltd.",Mobile Application Developer (Junior/Senior),"Entry-Level, Full time", - บางรัก กรุงเทพมหานคร,50000,30000,
202,https://img.blognone.com/jobs/prod/56x56/logo/bluebik-group-co-ltd,"Bluebik Group Co.,Ltd.",Web Application (Frontend) Developer,"Entry-Level, Full time", - บางรัก กรุงเทพมหานคร,50000,30000,
203,https://img.blognone.com/jobs/prod/56x56/logo/bluebik-group-co-ltd,"Bluebik Group Co.,Ltd.",Fullstack Developer (Junior/Senior),"Middle-Level, Full time", - บางรัก กรุงเทพมหานคร,70000,30000,"#css,#java,#javascript,#jquery,#nodejs"
204,https://img.blognone.com/jobs/prod/56x56/logo/ratchanechai-wattanachung.jpg,IDEALE CO.LTD.,Programmer,"Entry-Level, Full time", - บางนา กรุงเทพมหานคร,60000,30000,"#codeigniter,#nodejs,#php,#react,#reactjs"
205,/static/media/placeHolder.c40238b9.svg,United Nations Bangkok,React Native developer (Bangkok),"Middle-Level, Contract", -  กรุงเทพมหานคร,127001,127000,#react-native
206,https://img.blognone.com/jobs/prod/56x56/logo/conicle-co-ltd.jpg,"Conicle Co., Ltd.",System Analyst,"Entry-Level, Full time", - พญาไท กรุงเทพมหานคร,60000,30000,
207,https://img.blognone.com/jobs/prod/56x56/logo/conicle-co-ltd.jpg,"Conicle Co., Ltd.",Backend Developer (Junior-Senior level),"Entry-Level, Full time", - พญาไท กรุงเทพมหานคร,65000,20000,
208,https://img.blognone.com/jobs/prod/56x56/logo/conicle-co-ltd.jpg,"Conicle Co., Ltd.",Android Developer (Junior-Senior level),"Entry-Level, Full time", - พญาไท กรุงเทพมหานคร,65000,25000,
209,https://img.blognone.com/jobs/prod/56x56/logo/iwa.jpg,IWA,System Administrator,"Middle-Level, Full time", - เมืองขอนแก่น ขอนแก่น,80000,40000,"#aws,#ci-cd,#devops,#docker,#s3"
210,https://img.blognone.com/jobs/prod/56x56/logo/iwa.jpg,IWA,Full-Stack Developer,"Senior-Level, Full time", - เมืองขอนแก่น ขอนแก่น,100000,45000,"#angularjs,#css,#html,#react,#ruby-on-rails"
211,https://img.blognone.com/jobs/prod/56x56/logo/nrinthr-khuuaiphrin.jpg,Dot Matter,Marketing and Sales Manager,"Middle-Level, Full time", - ปทุมวัน กรุงเทพมหานคร,50000,30000,
212,https://img.blognone.com/jobs/prod/56x56/logo/nrinthr-khuuaiphrin.jpg,Dot Matter,Front-end Developer,"Entry-Level, Full time", - ปทุมวัน กรุงเทพมหานคร,25000,20000,
213,https://img.blognone.com/jobs/prod/56x56/logo/bkksoftware.jpg,BKKSOFTWARE,Software Developer,"Middle-Level, Full time", - ลาดพร้าว กรุงเทพมหานคร,100000,30000,"#javascript,#jquery,#laravel,#php"
214,/static/media/placeHolder.c40238b9.svg,"GMO-Z.Com Cryptonomics (Thailand) Co.,Ltd.",Software Developer,"Entry-Level, Full time", - ดินแดง กรุงเทพมหานคร,70000,30000,
215,https://img.blognone.com/jobs/prod/56x56/logo/nunnaphat-ramlee.jpg,Nunnaphat Ramlee,"Web Base Application Developer (ASP.NET,#C)","Middle-Level, Full time", - บางนา กรุงเทพมหานคร,40000,20000,
216,https://img.blognone.com/jobs/prod/56x56/logo/king-power-international-group.jpg,KING POWER INTERNATIONAL GROUP,Software Tester,"Middle-Level, Full time", - พญาไท กรุงเทพมหานคร,45000,35000,"#automatedtest,#selenium,#test-case,#tester,#testing"
217,https://img.blognone.com/jobs/prod/56x56/logo/king-power-international-group.jpg,KING POWER INTERNATIONAL GROUP,SAP ABAP Developer,"Middle-Level, Full time", - พญาไท กรุงเทพมหานคร,55000,45000,"#abap,#developer,#programmer,#sap"
218,https://img.blognone.com/jobs/prod/56x56/logo/king-power-international-group.jpg,KING POWER INTERNATIONAL GROUP,Data Analyst (Python),"Middle-Level, Full time", - พญาไท กรุงเทพมหานคร,65000,55000,"#analytic,#data-science,#python"
219,https://img.blognone.com/jobs/prod/56x56/logo/mekha-co-ltd.jpg,"MeKha CO., LTD",Full Stack Developer,"Entry-Level, Full time", - บางรัก กรุงเทพมหานคร,50000,30000,"#bootstrap,#nodejs,#php,#react-native,#symfony"
220,https://img.blognone.com/jobs/prod/56x56/logo/t-d-software-co-ltd.jpg,"T.D. Software Co., Ltd.",Business Analyst / System Analyst,"Entry-Level, Full time", - บางรัก กรุงเทพมหานคร,65000,50000,
221,https://img.blognone.com/jobs/prod/56x56/logo/t-d-software-co-ltd.jpg,"T.D. Software Co., Ltd.",Test Analyst / Software Tester,"Middle-Level, Contract", - บางรัก กรุงเทพมหานคร,55000,35000,
222,https://img.blognone.com/jobs/prod/56x56/logo/t-d-software-co-ltd.jpg,"T.D. Software Co., Ltd.","Programmer (RPG/400, .NET, Java, Fullstack)","Entry-Level, Full time", - บางรัก กรุงเทพมหานคร,60000,40000,
223,https://img.blognone.com/jobs/prod/56x56/logo/laconic-technology-company-limited.jpg,Laconic Technology Company Limited,Implement and Programmer ERP System,"Entry-Level, Full time", -  กรุงเทพมหานคร,20000,17000,
224,https://img.blognone.com/jobs/prod/56x56/logo/bualuang-securities-co-ltd.jpg,"Bualuang Securities Co., Ltd",Web Developer,"Middle-Level, Full time", - บางรัก กรุงเทพมหานคร,60000,20000,
225,https://img.blognone.com/jobs/prod/56x56/logo/bualuang-securities-co-ltd.jpg,"Bualuang Securities Co., Ltd",Java Developer [URGENTLY REQUIRED !!!],"Senior-Level, Full time", - บางรัก กรุงเทพมหานคร,60000,20000,
226,https://img.blognone.com/jobs/prod/56x56/logo/chawit-hinngurn.jpg,"Livingsoft Co., Ltd.",Full Stack Engineer,"Entry-Level, Full time", - ราชเทวี กรุงเทพมหานคร,35000,18000,"#html,#javascript,#nodejs,#php,#wordpress"
227,https://img.blognone.com/jobs/prod/56x56/logo/aisoft-co-ltd.jpg,"AISOFT CO.,LTD.",Android Developer 2 ตำแหน่ง,"Entry-Level, Full time", - สาทร กรุงเทพมหานคร,50000,25000,
228,https://img.blognone.com/jobs/prod/56x56/logo/aisoft-co-ltd.jpg,"AISOFT CO.,LTD.",บัญชี 1 ตำแหน่ง,"Entry-Level, Full time", -  กรุงเทพมหานคร,30000,20000,
229,https://img.blognone.com/jobs/prod/56x56/logo/aisoft-co-ltd.jpg,"AISOFT CO.,LTD.",.NET Developer 1 ตำแหน่ง URGENT สุดๆ,"Middle-Level, Full time", -  กรุงเทพมหานคร,50000,25000,
230,https://img.blognone.com/jobs/prod/56x56/logo/hg-robotics-co-ltd,"HG Robotics Co.,Ltd",Software Test Automation Engineer(Junior-Mid),"Entry-Level, Full time", - ปทุมวัน กรุงเทพมหานคร,50000,25000,"#automatedtest,#test-case,#test-plan,#testscript,#unittest"
231,https://img.blognone.com/jobs/prod/56x56/logo/hg-robotics-co-ltd,"HG Robotics Co.,Ltd",Software Engineer (Junior),"Entry-Level, Full time", - ปทุมวัน กรุงเทพมหานคร,45000,25000,"#html5,#javascript,#mongodb,#mysql,#nodejs"
232,https://img.blognone.com/jobs/prod/56x56/logo/hg-robotics-co-ltd,"HG Robotics Co.,Ltd",Robotic Operation System Engineer,"Entry-Level, Full time", - ปทุมวัน กรุงเทพมหานคร,55000,25000,"#c++,#linux,#phython,#robotframework,#robotics"
233,https://img.blognone.com/jobs/prod/56x56/logo/asia-media-studio-co-ltd.jpg,"Asia Media Studio Co., Ltd.",Internal WordPress Developer,"Entry-Level, Full time", - คลองเตย กรุงเทพมหานคร,60000,45000,
234,https://img.blognone.com/jobs/prod/56x56/logo/indie-dish.jpg,Indie Dish,React JS Developer,"Middle-Level, Full time", - ปทุมวัน กรุงเทพมหานคร,60000,30000,"#react,#reactjs,#webapp"
235,https://img.blognone.com/jobs/prod/56x56/logo/kis-international-school.jpg,KIS International School,ICT System Support Administrator,"Entry-Level, Full time", - ห้วยขวาง กรุงเทพมหานคร,30000,25000,
236,https://img.blognone.com/jobs/prod/56x56/logo/indie-dish.jpg,Indie Dish,Backend Developer,"Middle-Level, Full time", - ปทุมวัน กรุงเทพมหานคร,70000,40000,"#api,#aws,#backend,#go,#golang"
237,https://img.blognone.com/jobs/prod/56x56/logo/indigy-company-limited.jpg,Indigy Company Limited,IT Support,"Entry-Level, Full time", - คลองเตย กรุงเทพมหานคร,18000,15000,#support
238,https://img.blognone.com/jobs/prod/56x56/logo/indigy-company-limited.jpg,Indigy Company Limited,Android Developer,"Entry-Level, Full time", - คลองเตย กรุงเทพมหานคร,40000,25000,"#android,#android-studio,#fullstack,#java,#kotlin"
239,https://img.blognone.com/jobs/prod/56x56/logo/finnomena-co-ltd.jpg,"Finnomena.Co.,Ltd.",Full Stack Developer,"Entry-Level, Full time", - บางรัก กรุงเทพมหานคร,55000,45000,"#css3,#golang,#html,#javascript,#sql"
240,https://img.blognone.com/jobs/prod/56x56/logo/scb10x.jpg,SCB10X,Business Analyst - Product,"Entry-Level, Full time", -  กรุงเทพมหานคร,99999,29999,
241,https://img.blognone.com/jobs/prod/56x56/logo/say-digital-co-ltd.jpg,Say Digital Company,QA Engineer (Mid level / Senior level),"Middle-Level, Full time", - พระโขนง กรุงเทพมหานคร,70000,35000,"#automatedtest,#manual,#qa,#testing,#web-development"
242,https://img.blognone.com/jobs/prod/56x56/logo/say-digital-co-ltd.jpg,Say Digital Company,Senior Python Developer,"Senior-Level, Full time", - พระโขนง กรุงเทพมหานคร,60000,45000,"#agile,#django,#nosql,#python,#sql"
243,https://img.blognone.com/jobs/prod/56x56/logo/tgs-enterprise-network-limited.jpg,TGS Enterprise Network Limited,Programmer Internship (โปรแกรมเมอร์),"Entry-Level, Internship", - บางกะปิ กรุงเทพมหานคร,1000,1000,"#html,#javascript,#nodejs,#php,#webapp"
244,https://img.blognone.com/jobs/prod/56x56/logo/skilllane-education,SkillLane Education,Software Engineer (React & Node),"Middle-Level, Full time", - สาทร กรุงเทพมหานคร,70000,40000,"#javascript,#mongodb,#nodejs,#reactjs"
245,https://img.blognone.com/jobs/prod/56x56/logo/skilllane-education,SkillLane Education,Software Engineer (Ruby On Rails),"Middle-Level, Full time", - สาทร กรุงเทพมหานคร,70000,40000,#ruby-on-rails
246,https://img.blognone.com/jobs/prod/56x56/logo/gentosia-co-ltd.jpg,"Gentosia Co., Ltd.",PHP Programmer,"Entry-Level, Full time", - คลองสาน กรุงเทพมหานคร,35000,20000,"#laravel,#mysql,#php"
247,https://img.blognone.com/jobs/prod/56x56/logo/zensorium-thailand-ltd.jpg,Zensorium (Thailand) Ltd.,Mobile Developer,"Middle-Level, Full time", - คลองเตย กรุงเทพมหานคร,99999,99999,"#android,#ios,#mobile-application"
248,https://img.blognone.com/jobs/prod/56x56/logo/bkksoftware.jpg,BKKSOFTWARE,Full stack developer,"Senior-Level, Freelance", - ลาดพร้าว กรุงเทพมหานคร,100000,30000,"#css,#html5,#javascript,#laravel,#php"
249,https://img.blognone.com/jobs/prod/56x56/logo/zensorium-thailand-ltd.jpg,Zensorium (Thailand) Ltd.,Full Stack Developer,"Middle-Level, Full time", - คลองเตย กรุงเทพมหานคร,99999,99999,"#api,#backend,#fronend,#fullstack,#webpages"
250,https://img.blognone.com/jobs/prod/56x56/logo/zensorium-thailand-ltd.jpg,Zensorium (Thailand) Ltd.,DevOps Engineer (Junior & Senior),"Middle-Level, Full time", - คลองเตย กรุงเทพมหานคร,99999,99999,"#aws,#ci-cd,#deploy,#git,#jenkins"
251,https://img.blognone.com/jobs/prod/56x56/logo/finnomena-co-ltd.jpg,"Finnomena.Co.,Ltd.",Business Analyst,"Entry-Level, Full time", - บางรัก กรุงเทพมหานคร,50000,40000,
252,https://img.blognone.com/jobs/prod/56x56/logo/peerpower.jpg,PeerPower,Software Engineer (Full-stack),"Entry-Level, Full time", - บางรัก กรุงเทพมหานคร,45000,25000,"#git,#laravel,#php,#vuejs"
253,https://img.blognone.com/jobs/prod/56x56/logo/innovisor-tech-co-ltd.jpg,"INNOVISOR TECH CO., LTD.",Programmer,"Entry-Level, Full time", - สาทร กรุงเทพมหานคร,40000,20000,
254,https://img.blognone.com/jobs/prod/56x56/logo/innovisor-tech-co-ltd.jpg,"INNOVISOR TECH CO., LTD.",Application Support,"Entry-Level, Full time", - สาทร กรุงเทพมหานคร,35000,20000,
255,https://img.blognone.com/jobs/prod/56x56/logo/stream-i-t-consulting-ltd.jpg,Stream I.T. Consulting Ltd.,Project Manager (Software),"Middle-Level, Full time", - สาทร กรุงเทพมหานคร,95000,50000,"#leadership,#management,#negotiation,#project-management,#software-development"
256,https://img.blognone.com/jobs/prod/56x56/logo/stream-i-t-consulting-ltd.jpg,Stream I.T. Consulting Ltd.,Software Engineer (.net),"Entry-Level, Full time", - สาทร กรุงเทพมหานคร,35000,20000,"#css,#dotnet,#sql,#sql-server,#vb.net"
257,https://img.blognone.com/jobs/prod/56x56/logo/stream-i-t-consulting-ltd.jpg,Stream I.T. Consulting Ltd.,Systems Analyst (Java or .net),"Middle-Level, Full time", - สาทร กรุงเทพมหานคร,65000,35000,"#dotnet,#java,#javascript,#oracle-db,#vb.net"
258,https://img.blognone.com/jobs/prod/56x56/logo/adecco-thailand-limited.jpg,Adecco (Thailand) Limited.,Front-end developer,"Middle-Level, Full time", - วัฒนา กรุงเทพมหานคร,75000,35000,"#css,#html,#javascript"
259,https://img.blognone.com/jobs/prod/56x56/logo/tourkrub-com-company-limited_CfTWz54.jpg,Tourkrub,QA Engineer (Urgent!!!),"Middle-Level, Full time", - วัฒนา กรุงเทพมหานคร,60000,30000,"#devops,#test-app,#test-plan,#tester,#testscript"
260,https://img.blognone.com/jobs/prod/56x56/logo/tourkrub-com-company-limited_CfTWz54.jpg,Tourkrub,UI/VISUAL DESIGNER,"Entry-Level, Full time", - วัฒนา กรุงเทพมหานคร,60000,20000,
261,https://img.blognone.com/jobs/prod/56x56/logo/tourkrub-com-company-limited_CfTWz54.jpg,Tourkrub,Ruby on Rails Developer,"Entry-Level, Full time", - วัฒนา กรุงเทพมหานคร,60000,20000,"#api,#javascript,#jquery,#nodejs,#ruby-on-rails"
262,https://img.blognone.com/jobs/prod/56x56/logo/finnomena-co-ltd.jpg,"Finnomena.Co.,Ltd.",Application Support Developer,"Entry-Level, Full time", - บางรัก กรุงเทพมหานคร,55000,40000,"#css3,#html,#javascript,#laravel,#php"
263,https://img.blognone.com/jobs/prod/56x56/logo/supree.jpg,Seekster,DevOps Engineer,"Entry-Level, Full time", - วัฒนา กรุงเทพมหานคร,75000,40000,#devops
264,https://img.blognone.com/jobs/prod/56x56/logo/supree.jpg,Seekster,Frontend Developer,"Entry-Level, Full time", - วัฒนา กรุงเทพมหานคร,60000,30000,"#react,#react-native,#web-development,#webapp,#webdeveloper"
265,https://img.blognone.com/jobs/prod/56x56/logo/supree.jpg,Seekster,Data Engineer,"Entry-Level, Full time", - วัฒนา กรุงเทพมหานคร,60000,30000,"#data,#data-science,#sql"
266,https://img.blognone.com/jobs/prod/56x56/logo/boonmee-lab.jpg,Boonmee Lab,Software Engineer,"Entry-Level, Full time", - บางรัก กรุงเทพมหานคร,30000,20000,"#elastic-search,#mongodb,#nodejs,#vuejs"
267,https://img.blognone.com/jobs/prod/56x56/logo/ek-karaj-computer-co-ltd.jpg,"Ek-karaj Computer Co.,ltd.",ช่างคอมพิวเตอร์ ประกอบ ลงโปรแกรม,"Entry-Level, Full time", - บางนา กรุงเทพมหานคร,20000,12000,
268,https://img.blognone.com/jobs/prod/56x56/logo/ek-karaj-computer-co-ltd.jpg,"Ek-karaj Computer Co.,ltd.",เจ้าหน้าที่ฝ่ายขายผลิตภัณฑ์และโซลูชั่น IT,"Entry-Level, Full time", - บางนา กรุงเทพมหานคร,30000,15000,
269,https://img.blognone.com/jobs/prod/56x56/logo/adecco-recruitment-thailand-limited_FLfiFkK.jpg,Adecco Recruitment (Thailand) Limited,Backend Developer (PHP on Laravel framework),"Entry-Level, Full time", - บางรัก กรุงเทพมหานคร,50000,20000,"#backend,#laravel,#php,#phython"
270,https://img.blognone.com/jobs/prod/56x56/logo/asia-one-click,Asia one click,.NET Developer [4 positions] URGENT!,"Entry-Level, Full time", - สาทร กรุงเทพมหานคร,50000,25000,"#css3,#html5,#javascript,#sql"
271,https://img.blognone.com/jobs/prod/56x56/logo/fluent.jpg,Fluent,Frontend Developer (vue.js),"Middle-Level, Freelance", - ปทุมวัน กรุงเทพมหานคร,60000,40000,"#axios,#frontend,#vuejs,#vuex"
272,https://img.blognone.com/jobs/prod/56x56/logo/m-b-system-automation-co-ltd.jpg,"M.B. System Automation Co., Ltd.",Developer,"Entry-Level, Full time", - วังทองหลาง กรุงเทพมหานคร,22000,22000,"#asp.net,#javascript,#php,#sql-server,#web-service"
273,https://img.blognone.com/jobs/prod/56x56/logo/central-tech.jpg,Central Tech,Walk-in Interview (IT),"Entry-Level, Full time", - ยานนาวา กรุงเทพมหานคร,70000,30000,
274,https://img.blognone.com/jobs/prod/56x56/logo/freewill-solutions.jpg,Freewill Solutions,System Analyst,"Entry-Level, Full time", - สาทร กรุงเทพมหานคร,40000,25000,"#systemanalysis,#systemanalyst,#systemdesign"
275,https://img.blognone.com/jobs/prod/56x56/logo/freewill-solutions.jpg,Freewill Solutions,PLC and C# .NET Programmer Urgently Required!,"Entry-Level, Full time", - สาทร กรุงเทพมหานคร,45000,25000,"#c-sharp,#plc"
276,https://img.blognone.com/jobs/prod/56x56/logo/freewill-solutions.jpg,Freewill Solutions,SAP Consultant,"Middle-Level, Full time", - สาทร กรุงเทพมหานคร,50000,30000,"#consulting,#sap"
277,https://img.blognone.com/jobs/prod/56x56/logo/creative-me_qmcB9jg.jpg,Creative Me,Development iOS / Android,"Entry-Level, Full time", - พระโขนง กรุงเทพมหานคร,28000,18000,
278,https://img.blognone.com/jobs/prod/56x56/logo/creative-me_qmcB9jg.jpg,Creative Me,IT Business Analyst,"Senior-Level, Full time", - พระโขนง กรุงเทพมหานคร,55000,39000,
279,https://img.blognone.com/jobs/prod/56x56/logo/lensod.jpg,LENSOD,Software Developer (Urgent !!!),"Middle-Level, Full time", - พญาไท กรุงเทพมหานคร,50000,30000,"#docker,#javascript,#nextjs,#nodejs,#react"
280,https://img.blognone.com/jobs/prod/56x56/logo/wisdom-vast-co-ltd,"Wisdom Vast Co.,Ltd.",Senior Android Developer,"Senior-Level, Full time", - บางกรวย นนทบุรี,55000,35000,"#java,#json,#kotlin,#restful,#web-service"
281,https://img.blognone.com/jobs/prod/56x56/logo/wisdom-vast-co-ltd,"Wisdom Vast Co.,Ltd.",Senior iOS Developer,"Senior-Level, Full time", - บางกรวย นนทบุรี,55000,35000,"#git,#ios,#restful,#swift,#web-service"
282,https://img.blognone.com/jobs/prod/56x56/logo/gummy-bear-tech-recruitment_nvZv7jQ.jpg,Gummy Bear Tech Recruitment,Senior Developer (Max 200k),"Senior-Level, Full time", - สาทร กรุงเทพมหานคร,200000,100000,"#algorithm,#blockchain,#data,#javascript,#python"
283,https://img.blognone.com/jobs/prod/56x56/logo/ever-technologies.jpg,Ever Technologies,Sales into Account Executive,"Entry-Level, Full time", -  กรุงเทพมหานคร,40000,15000,"#communication,#pitching,#sales"
284,https://img.blognone.com/jobs/prod/56x56/logo/neversitup-co-ltd.jpg,"Neversitup Co.,Ltd",ตามหาเพื่อนร่วมทีม iOS Developer,"Entry-Level, Full time", - บางรัก กรุงเทพมหานคร,35000,25000,"#ios,#swift"
285,https://img.blognone.com/jobs/prod/56x56/logo/neversitup-co-ltd.jpg,"Neversitup Co.,Ltd",ตามหาเพื่อนร่วมทีม UX/UI,"Entry-Level, Full time", - บางรัก กรุงเทพมหานคร,35000,20000,"#graphic-design,#ui,#ux,#ux-ui,#wireframe"
286,https://img.blognone.com/jobs/prod/56x56/logo/scb10x.jpg,SCB10X,Change Management Specialist,"Middle-Level, Full time", -  กรุงเทพมหานคร,99999,29999,#change
287,https://img.blognone.com/jobs/prod/56x56/logo/nexpie-co-ltd.jpg,NEXPIE Co. Ltd.,Frontend Engineer,"Entry-Level, Full time", - ห้วยขวาง กรุงเทพมหานคร,30000,21000,"#css,#html5,#js,#react"
288,https://img.blognone.com/jobs/prod/56x56/logo/nexpie-co-ltd.jpg,NEXPIE Co. Ltd.,Devops Engineer,"Entry-Level, Full time", - ห้วยขวาง กรุงเทพมหานคร,30000,21000,"#admin,#elastic-search,#kubernetes,#network,#nodejs"
289,https://img.blognone.com/jobs/prod/56x56/logo/nexpie-co-ltd.jpg,NEXPIE Co. Ltd.,Backend Engineer,"Entry-Level, Full time", - ห้วยขวาง กรุงเทพมหานคร,30000,21000,"#api,#go,#kubernetes,#mongodb,#nodejs"
290,https://img.blognone.com/jobs/prod/56x56/logo/box24-company-limited.jpg,"Box24 Co., Ltd.",UX / UI Design,"Middle-Level, Full time", - พญาไท กรุงเทพมหานคร,45000,30000,"#adobe-xd,#html,#illustrator,#photoshop,#ux-ui"
291,https://img.blognone.com/jobs/prod/56x56/logo/box24-company-limited.jpg,"Box24 Co., Ltd.",QA,"Middle-Level, Full time", - พญาไท กรุงเทพมหานคร,30000,20000,
292,https://img.blognone.com/jobs/prod/56x56/logo/box24-company-limited.jpg,"Box24 Co., Ltd.",iOS Developer,"Middle-Level, Full time", - พญาไท กรุงเทพมหานคร,55000,35000,"#auto-layout,#mvvm,#objective-c,#swift"
293,https://img.blognone.com/jobs/prod/56x56/logo/box24-company-limited.jpg,"Box24 Co., Ltd.",Full-stack Developer,"Middle-Level, Full time", - พญาไท กรุงเทพมหานคร,35000,30000,
294,https://img.blognone.com/jobs/prod/56x56/logo/box24-company-limited.jpg,"Box24 Co., Ltd.",Frontend Developer,"Middle-Level, Full time", - พญาไท กรุงเทพมหานคร,30000,20000,"#bootstrap,#flexbox,#fronend,#git,#javascript"
295,https://img.blognone.com/jobs/prod/56x56/logo/box24-company-limited.jpg,"Box24 Co., Ltd.",C Developer,"Middle-Level, Full time", - พญาไท กรุงเทพมหานคร,40000,30000,"#c,#hardware-controller,#linux"
296,https://img.blognone.com/jobs/prod/56x56/logo/creditok.jpg,Credit OK,PHP Laravel Developer,"Middle-Level, Full time", - จตุจักร กรุงเทพมหานคร,40000,30000,"#laravel,#linux,#php,#self-awareness,#vuejs"
297,https://img.blognone.com/jobs/prod/56x56/logo/creditok.jpg,Credit OK,Senior Credit Risk Analyst,"Senior-Level, Full time", - จตุจักร กรุงเทพมหานคร,120000,80000,"#python,#r,#sas,#spss,#sql"
298,https://img.blognone.com/jobs/prod/56x56/logo/brid-systems-co-ltd.jpg,"BRID Systems Co., Ltd.",Java Programmer(Senior Level),"Senior-Level, Full time", - พญาไท กรุงเทพมหานคร,1000,1000,"#developer,#intellij,#java,#postgresql,#programmer"
299,https://img.blognone.com/jobs/prod/56x56/logo/brid-systems-co-ltd.jpg,"BRID Systems Co., Ltd.",Java Programmer(Entry Level),"Middle-Level, Full time", - พญาไท กรุงเทพมหานคร,1000,1000,"#developer,#intellij,#java,#postgresql,#programmer"
300,https://img.blognone.com/jobs/prod/56x56/logo/brid-systems-co-ltd.jpg,"BRID Systems Co., Ltd.",Java Programmer(Middle Level),"Entry-Level, Full time", - พญาไท กรุงเทพมหานคร,1000,1000,"#developer,#intellij,#java,#postgresql,#programmer"
301,https://img.blognone.com/jobs/prod/56x56/logo/prism-solutions-co-ltd_acwocRY.jpg,"Gofive Co., Ltd.",Product Specialist (สาขาพระราม4),"Entry-Level, Full time", - คลองเตย กรุงเทพมหานคร,60000,35000,
302,https://img.blognone.com/jobs/prod/56x56/logo/prism-solutions-co-ltd_acwocRY.jpg,"Gofive Co., Ltd.",iOS Developer (สาขาสมุทรสาคร),"Entry-Level, Full time", - เมืองสมุทรสาคร สมุทรสาคร,40000,25000,"#java,#kotlin,#objective-c,#php,#swift"
303,https://img.blognone.com/jobs/prod/56x56/logo/prism-solutions-co-ltd_acwocRY.jpg,"Gofive Co., Ltd.",Develop/Programmer (สาขาพระราม4),"Senior-Level, Full time", - คลองเตย กรุงเทพมหานคร,50000,30000,"#agile,#asp.net,#c,#java,#oracle"
304,https://img.blognone.com/jobs/prod/56x56/logo/rich-studio.jpg,RICH STUDIO,รับสมัครพนักงานประจำ Back end & Front end dev,"Entry-Level, Full time", - ปากเกร็ด นนทบุรี,40000,25000,"#angular,#javascript,#nodejs,#php"
305,https://img.blognone.com/jobs/prod/56x56/logo/wongnai-media.jpg,"Wongnai Media Co.,Ltd.","Software Engineer, Mobile (React Native)","Entry-Level, Full time", - วัฒนา กรุงเทพมหานคร,60000,30000,"#nativescript,#react-native"
306,https://img.blognone.com/jobs/prod/56x56/logo/wongnai-media.jpg,"Wongnai Media Co.,Ltd.","Software Engineer, iOS","Entry-Level, Full time", - วัฒนา กรุงเทพมหานคร,60000,33000,"#react-native,#swift"
307,https://img.blognone.com/jobs/prod/56x56/logo/wongnai-media.jpg,"Wongnai Media Co.,Ltd.","Software Engineer, Frontend","Entry-Level, Full time", - วัฒนา กรุงเทพมหานคร,60000,30000,"#css,#html,#javascript,#react"
308,https://img.blognone.com/jobs/prod/56x56/logo/wongnai-media.jpg,"Wongnai Media Co.,Ltd.","Software Engineer, Android","Entry-Level, Full time", - วัฒนา กรุงเทพมหานคร,60000,30000,"#java,#kotlin"
309,https://img.blognone.com/jobs/prod/56x56/logo/wongnai-media.jpg,"Wongnai Media Co.,Ltd.","Software Engineer, Backend","Entry-Level, Full time", - วัฒนา กรุงเทพมหานคร,60000,35000,"#algorithm,#java,#spring,#sql"
310,https://img.blognone.com/jobs/prod/56x56/logo/wongnai-media.jpg,"Wongnai Media Co.,Ltd.",Product Manager,"Entry-Level, Full time", - วัฒนา กรุงเทพมหานคร,60000,40000,"#analytics,#design"
311,https://img.blognone.com/jobs/prod/56x56/logo/allianz-technology-thailand-co-ltd.jpg,"Allianz Technology (Thailand) Co., Ltd.",Angular Developer (Frontend) Mid / Senior,"Middle-Level, Full time", - ห้วยขวาง กรุงเทพมหานคร,100000,40000,"#angular,#angular4,#angular5,#angularjs,#frontend"
312,https://img.blognone.com/jobs/prod/56x56/logo/ibm-solutions-delivery-co-ltd.jpg,"IBM Solutions Delivery Co., Ltd.",UNIX System Administrator,"Middle-Level, Full time", - พญาไท กรุงเทพมหานคร,50000,30000,"#windows,#windowserver"
313,https://img.blognone.com/jobs/prod/56x56/logo/ibm-solutions-delivery-co-ltd.jpg,"IBM Solutions Delivery Co., Ltd.",Network Administrator/Specialist (Urgent!),"Middle-Level, Full time", - พญาไท กรุงเทพมหานคร,60000,30000,"#ccna,#ccnp,#lan,#network,#wan"
314,https://img.blognone.com/jobs/prod/56x56/logo/ibm-solutions-delivery-co-ltd.jpg,"IBM Solutions Delivery Co., Ltd.",Incident and Problem Manager/Change Manager,"Middle-Level, Full time", - พญาไท กรุงเทพมหานคร,50000,35000,"#change,#incident,#problem,#process,#servicecoodinate"
315,https://img.blognone.com/jobs/prod/56x56/logo/scb10x.jpg,SCB10X,Visual Designer - Marketing,"Entry-Level, Full time", -  กรุงเทพมหานคร,99999,29999,
316,https://img.blognone.com/jobs/prod/56x56/logo/scb10x.jpg,SCB10X,Marketing Communications,"Middle-Level, Full time", -  กรุงเทพมหานคร,99999,29999,
317,https://img.blognone.com/jobs/prod/56x56/logo/i-t-applications-and-services-co-ltd.jpg,"I.T.Applications and Services Co., Ltd",Helpdesk (SAP),"Entry-Level, Full time", - พญาไท กรุงเทพมหานคร,30000,15000,"#erp,#sap"
318,https://img.blognone.com/jobs/prod/56x56/logo/sec-consult-thailand-co-ltd.jpg,"SEC Consult (Thailand) Co., LTD.",Senior Security Consultant,"Senior-Level, Full time", - ปทุมวัน กรุงเทพมหานคร,80000,45000,"#asp.net,#c++,#informationsecurity,#java,#pentest"
319,https://img.blognone.com/jobs/prod/56x56/logo/sec-consult-thailand-co-ltd.jpg,"SEC Consult (Thailand) Co., LTD.",Associate Security Consultant,"Entry-Level, Full time", - ปทุมวัน กรุงเทพมหานคร,35000,20000,"#asp.net,#c++,#informationsecurity,#java,#pentest"
320,https://img.blognone.com/jobs/prod/56x56/logo/sec-consult-thailand-co-ltd.jpg,"SEC Consult (Thailand) Co., LTD.",IT Security Consultant,"Middle-Level, Full time", - ปทุมวัน กรุงเทพมหานคร,50000,35000,"#asp.net,#c++,#informationsecurity,#java,#pentest"
321,https://img.blognone.com/jobs/prod/56x56/logo/getlinks-on-behalf-of-our-partners.jpg,Getlinks (On behalf of our partners),Automation QA Engineer,"Senior-Level, Full time", - คันนายาว กรุงเทพมหานคร,100000,50000,"#mysql,#sql"
322,https://img.blognone.com/jobs/prod/56x56/logo/getlinks-on-behalf-of-our-partners.jpg,Getlinks (On behalf of our partners),Senior Android Engineer,"Entry-Level, Full time", - คันนายาว กรุงเทพมหานคร,160000,110000,"#java,#kotlin,#oop,#restful,#unittest"
323,https://img.blognone.com/jobs/prod/56x56/logo/getlinks-on-behalf-of-our-partners.jpg,Getlinks (On behalf of our partners),Junior Android developer,"Entry-Level, Full time", - จตุจักร กรุงเทพมหานคร,50000,30000,#android
324,https://img.blognone.com/jobs/prod/56x56/logo/iapp-technology.jpg,iApp Technology,Software Presale (2 pos.),"Entry-Level, Full time", - คลองหลวง ปทุมธานี,40000,25000,"#presentation,#sales,#software-development,#software-engineer,#technical"
325,https://img.blognone.com/jobs/prod/56x56/logo/iapp-technology.jpg,iApp Technology,Chatbot Conversation UX Designer (2 pos.),"Middle-Level, Full time", - คลองหลวง ปทุมธานี,45000,25000,"#chatbot,#content,#designer,#dialogflow,#ux-ui"
326,https://img.blognone.com/jobs/prod/56x56/logo/iapp-technology.jpg,iApp Technology,Android Java Developers,"Middle-Level, Contract", - คลองหลวง ปทุมธานี,50000,25000,"#android,#android-studio,#developer,#java,#mobile-application"
327,https://img.blognone.com/jobs/prod/56x56/logo/iapp-technology.jpg,iApp Technology,Software Project Manager,"Entry-Level, Full time", - คลองหลวง ปทุมธานี,40000,25000,"#agile,#cmmi,#problem-solving,#project-management,#software-engineer"
328,https://img.blognone.com/jobs/prod/56x56/logo/iapp-technology.jpg,iApp Technology,Infrastructure + DevOps Engineer,"Entry-Level, Full time", - คลองหลวง ปทุมธานี,45000,25000,"#docker,#hosting,#infrastructure,#kubernetes,#ubuntu"
329,https://img.blognone.com/jobs/prod/56x56/logo/getlinks-on-behalf-of-our-partners.jpg,Getlinks (On behalf of our partners),Senior Backend Engineer,"Entry-Level, Full time", - ทวีวัฒนา กรุงเทพมหานคร,100000,70000,"#golang,#nodejs,#php,#python,#restful"
330,https://img.blognone.com/jobs/prod/56x56/logo/getlinks-on-behalf-of-our-partners.jpg,Getlinks (On behalf of our partners),Front-End Software Engineer,"Entry-Level, Full time", - จตุจักร กรุงเทพมหานคร,50000,30000,"#css3,#html5,#javascript,#linux,#reactjs"
331,https://img.blognone.com/jobs/prod/56x56/logo/iapp-technology.jpg,iApp Technology,Chatbot JS Fullstack Developer (2 pos.),"Middle-Level, Full time", - คลองหลวง ปทุมธานี,50000,25000,"#developer,#dialogflow,#fullstack,#javascript,#nodejs"
332,https://img.blognone.com/jobs/prod/56x56/logo/iapp-technology.jpg,iApp Technology,Javascript Full Stack Developer (6 positions),"Middle-Level, Full time", - คลองหลวง ปทุมธานี,40000,25000,"#expressjs,#mongodb,#nodejs,#web-api,#web-development"
333,https://img.blognone.com/jobs/prod/56x56/logo/getlinks-on-behalf-of-our-partners.jpg,Getlinks (On behalf of our partners),iOS engineer,"Middle-Level, Full time", - คลองสามวา กรุงเทพมหานคร,90000,50000,"#ios,#restful"
334,https://img.blognone.com/jobs/prod/56x56/logo/ring-zero-thailand-co-ltd.jpg,"Ring Zero (Thailand) Co.,LTD.",PHP Laravel พิกัด BTS/MRT อโศก ราคา 50-70K,"Senior-Level, Full time", - ดินแดง กรุงเทพมหานคร,70000,50000,
335,https://img.blognone.com/jobs/prod/56x56/logo/m-b-system-automation-co-ltd.jpg,"M.B. System Automation Co., Ltd.",Developer,"Entry-Level, Full time", - วังทองหลาง กรุงเทพมหานคร,22000,22000,"#asp.net,#javascript,#php,#sql-server,#web-service"
336,https://img.blognone.com/jobs/prod/56x56/logo/instaroid_7oqqb7H.jpg,Impressius,Node.js Software Developer,"Middle-Level, Full time", - วัฒนา กรุงเทพมหานคร,70000,40000,"#amazon-web-services,#java,#javascript,#linux,#nodejs"
337,https://img.blognone.com/jobs/prod/56x56/logo/getlinks-on-behalf-of-our-partners.jpg,Getlinks (On behalf of our partners),Senior Backend Engineer,"Middle-Level, Full time", - คันนายาว กรุงเทพมหานคร,90000,50000,"#asp.net,#rdbms,#sql"
338,https://img.blognone.com/jobs/prod/56x56/logo/getlinks-on-behalf-of-our-partners.jpg,Getlinks (On behalf of our partners),Data Scientist,"Middle-Level, Full time", - คันนายาว กรุงเทพมหานคร,100000,80000,"#python,#r,#sql"
339,https://img.blognone.com/jobs/prod/56x56/logo/nimble.jpg,Nimble,Talent Manager,"Senior-Level, Full time", - คลองเตย กรุงเทพมหานคร,80000,60000,"#business,#technology"
340,https://img.blognone.com/jobs/prod/56x56/logo/nimble.jpg,Nimble,Senior Web Developer,"Senior-Level, Full time", - คลองเตย กรุงเทพมหานคร,150000,80000,"#go,#javascript,#ruby"
341,https://img.blognone.com/jobs/prod/56x56/logo/nimble.jpg,Nimble,Senior iOS Developer,"Senior-Level, Full time", - คลองเตย กรุงเทพมหานคร,150000,80000,"#ios,#objective-c,#swift"
342,https://img.blognone.com/jobs/prod/56x56/logo/berli-jucker-public-company-limited.jpg,Berli Jucker Public Company Limited,Network Engineer,"Middle-Level, Full time", - คลองเตย กรุงเทพมหานคร,45000,30000,
343,https://img.blognone.com/jobs/prod/56x56/logo/berli-jucker-public-company-limited.jpg,Berli Jucker Public Company Limited,SAP Implementation,"Middle-Level, Full time", - คลองเตย กรุงเทพมหานคร,100000,50000,
344,https://img.blognone.com/jobs/prod/56x56/logo/berli-jucker-public-company-limited.jpg,Berli Jucker Public Company Limited,Application Support (QAD),"Middle-Level, Full time", - คลองเตย กรุงเทพมหานคร,55000,45000,
345,https://img.blognone.com/jobs/prod/56x56/logo/system-stone.jpg,System Stone,Full Stack Developer จำนวน 4 อัตรา,"Entry-Level, Full time", -  กรุงเทพมหานคร,24000,20000,
346,https://img.blognone.com/jobs/prod/56x56/logo/hexagon-labs_f8ysHT2.jpg,Hexagon Labs,Graphic Designer,"Entry-Level, Full time", - พระโขนง กรุงเทพมหานคร,30000,20000,
347,https://img.blognone.com/jobs/prod/56x56/logo/hexagon-labs_f8ysHT2.jpg,Hexagon Labs,Content Creator / Content Specialist,"Entry-Level, Full time", - พระโขนง กรุงเทพมหานคร,30000,20000,
348,https://img.blognone.com/jobs/prod/56x56/logo/buzzwoo-asia-co-ltd.jpg,"Buzzwoo Asia Co., Ltd.",Senior Frontend Developer (HTML/CSS/Angular),"Senior-Level, Full time", - เมืองเชียงใหม่ เชียงใหม่,50000,25000,"#angular,#css,#html,#javascript,#react"
349,https://img.blognone.com/jobs/prod/56x56/logo/home-buyers-guide-co-ltd.jpg,"Home Buyers Guide Co.,Ltd.",Senior Website Manager,"Senior-Level, Full time", - จตุจักร กรุงเทพมหานคร,50000,30000,"#css,#javascript,#seo,#sql,#ux-ui"
350,https://img.blognone.com/jobs/prod/56x56/logo/peerpower.jpg,PeerPower,Senior Software Engineer (Full-stack),"Entry-Level, Full time", - บางรัก กรุงเทพมหานคร,90000,50000,"#design-pattern,#laravel,#microservices,#vuejs"
351,https://img.blognone.com/jobs/prod/56x56/logo/nvk48-limited-company.jpg,NVK48 Limited Company,Junior front-end web developer,"Entry-Level, Full time", - จตุจักร กรุงเทพมหานคร,30000,20000,
352,https://img.blognone.com/jobs/prod/56x56/logo/411-estore.jpg,"Four One One Ecommerce Co., Ltd.",Mobile Developer (Android/iOS),"Middle-Level, Full time", - ปทุมวัน กรุงเทพมหานคร,70000,40000,"#jsp,#junit,#objective-c,#rxjava,#swift"
353,https://img.blognone.com/jobs/prod/56x56/logo/411-estore.jpg,"Four One One Ecommerce Co., Ltd.",Web Developer - Java (spring framework),"Entry-Level, Full time", - ปทุมวัน กรุงเทพมหานคร,70000,40000,"#java,#oracle,#spring-framework"
354,https://img.blognone.com/jobs/prod/56x56/logo/411-estore.jpg,"Four One One Ecommerce Co., Ltd.",Server Infrastructure (AWS) ต้องการด่วน,"Middle-Level, Full time", - ปทุมวัน กรุงเทพมหานคร,70000,40000,"#aws,#infrastructure,#linux"
355,https://img.blognone.com/jobs/prod/56x56/logo/warit-tantivirasut.jpg,Niceloop,Mobile Developer,"Entry-Level, Full time", - ห้วยขวาง กรุงเทพมหานคร,35000,20000,"#android,#flutter,#java,#react-native"
356,https://img.blognone.com/jobs/prod/56x56/logo/warit-tantivirasut.jpg,Niceloop,Frontend Developer,"Entry-Level, Full time", - ห้วยขวาง กรุงเทพมหานคร,35000,20000,"#android,#aws,#javascript,#nodejs,#reactjs"
357,https://img.blognone.com/jobs/prod/56x56/logo/kkf-international-group.jpg,KKF International Group,Software Developer (PLC/SCADA),"Entry-Level, Full time", - เมืองขอนแก่น ขอนแก่น,40000,20000,
358,https://img.blognone.com/jobs/prod/56x56/logo/outsourcing-factory-company-limited_0qtRRvt.jpg,Outsourcing Factory Company Limited,PHP Programmer,"Entry-Level, Full time", - บางกะปิ กรุงเทพมหานคร,30000,20000,
359,https://img.blognone.com/jobs/prod/56x56/logo/solunic.jpg,Solunic,JAVA Programmer,"Entry-Level, Full time", -  กรุงเทพมหานคร,60000,30000,"#css,#java,#programmer,#software-development"
360,https://img.blognone.com/jobs/prod/56x56/logo/mfec-public-company-limited.jpg,MFEC Public Company Limited,MFEC Career Day 2019,"Entry-Level, Full time", - จตุจักร กรุงเทพมหานคร,70000,25000,
361,https://img.blognone.com/jobs/prod/56x56/logo/voova-group-co-ltd,"Voova Group Co.,Ltd.",Mobile App Developer,"Senior-Level, Full time", - บางละมุง ชลบุรี,35000,15000,
362,https://img.blognone.com/jobs/prod/56x56/logo/voova-group-co-ltd,"Voova Group Co.,Ltd.",Senior PHP Programmer,"Senior-Level, Full time", - บางละมุง ชลบุรี,50000,25000,
363,https://img.blognone.com/jobs/prod/56x56/logo/voova-group-co-ltd,"Voova Group Co.,Ltd.",Quality Assurance (QA) Software Tester,"Senior-Level, Full time", - บางละมุง ชลบุรี,35000,15000,
364,https://img.blognone.com/jobs/prod/56x56/logo/refinitiv.jpg,REFINITIV,Network Performance Engineer,"Middle-Level, Full time", - บางรัก กรุงเทพมหานคร,99999,99999,
365,https://img.blognone.com/jobs/prod/56x56/logo/brs-thailand.jpg,"The BRS Co., Ltd.",Frontend Developers,"Entry-Level, Full time", - สาทร กรุงเทพมหานคร,50000,30000,
366,https://img.blognone.com/jobs/prod/56x56/logo/sakka-rin.jpg,sakka rin,ดูแลเว็ป,"Entry-Level, Part time", - จตุจักร กรุงเทพมหานคร,15000,12000,#php
367,https://img.blognone.com/jobs/prod/56x56/logo/bluepi-co-ltd.jpg,"BluePI Co., Ltd.",Software Engineer,"Entry-Level, Full time", - สาทร กรุงเทพมหานคร,100000,50000,"#golang,#java,#web-api,#web-design,#web-service-development"
368,https://img.blognone.com/jobs/prod/56x56/logo/bighead-creative-co-ltd,"Bighead Creative Co.,ltd.",Tester จำนวน 1 ท่าน,"Senior-Level, Full time", - ลำลูกกา ปทุมธานี,40000,25000,
369,https://img.blognone.com/jobs/prod/56x56/logo/bighead-creative-co-ltd,"Bighead Creative Co.,ltd.",System Analyst จำนวน 1 ท่าน,"Middle-Level, Full time", - ลำลูกกา ปทุมธานี,45000,25000,
370,https://img.blognone.com/jobs/prod/56x56/logo/bighead-creative-co-ltd,"Bighead Creative Co.,ltd.",Developers จำนวน 3 ท่าน,"Middle-Level, Full time", - ลำลูกกา ปทุมธานี,70000,25000,
371,https://img.blognone.com/jobs/prod/56x56/logo/backyard.jpg,Backyard,Junior Back-End Engineer,"Entry-Level, Full time", - สาทร กรุงเทพมหานคร,30000,20000,"#flask,#html,#python"
372,https://img.blognone.com/jobs/prod/56x56/logo/backyard.jpg,Backyard,Junior Front-End Engineer,"Entry-Level, Full time", - สาทร กรุงเทพมหานคร,30000,20000,"#css,#html,#javascript,#vuejs,#web-service"
373,https://img.blognone.com/jobs/prod/56x56/logo/socket-9-co-ltd_4mB5hOt.jpg,"Socket 9 Co., Ltd.",Senior Back-end web developer,"Senior-Level, Full time", -  กรุงเทพมหานคร,50000,35000,"#c-sharp,#golang,#php"
374,https://img.blognone.com/jobs/prod/56x56/logo/socket-9-co-ltd_4mB5hOt.jpg,"Socket 9 Co., Ltd.",Front-end web developer,"Entry-Level, Full time", -  กรุงเทพมหานคร,30000,20000,"#bootstrap,#react"
375,https://img.blognone.com/jobs/prod/56x56/logo/socket-9-co-ltd_4mB5hOt.jpg,"Socket 9 Co., Ltd.",Senior Account Executive,"Middle-Level, Full time", -  กรุงเทพมหานคร,30000,20000,#sales
376,https://img.blognone.com/jobs/prod/56x56/logo/bighead-creative-co-ltd,"Bighead Creative Co.,ltd.",Business Analyst จำนวน 1 ท่าน,"Middle-Level, Full time", - ลำลูกกา ปทุมธานี,55000,25000,
377,https://img.blognone.com/jobs/prod/56x56/logo/brisath-thaamkhruu-cchamkad.jpg,Taamkru Ltd.,Software Engineer,"Middle-Level, Full time", - วัฒนา กรุงเทพมหานคร,40000,24000,"#javascript,#mysql,#python,#react,#react-native"
378,https://img.blognone.com/jobs/prod/56x56/logo/digital-ventures-co-ltd.jpg,"Digital Ventures Co., Ltd.",Java Developer,"Entry-Level, Full time", - คลองเตย กรุงเทพมหานคร,90000,25000,
379,https://img.blognone.com/jobs/prod/56x56/logo/dailitech,DailiTech,Cloud Solution Engineer - AWS (Junior/Senior),"Entry-Level, Full time", - ราชเทวี กรุงเทพมหานคร,40000,20000,"#aws,#cloud-engineer,#engineering,#software-engineer"
380,https://img.blognone.com/jobs/prod/56x56/logo/tourkrub-com-company-limited_CfTWz54.jpg,Tourkrub,Front-End Developer (Urgent!!!!),"Middle-Level, Full time", - วัฒนา กรุงเทพมหานคร,70000,20000,"#github,#javascript,#nodejs,#react-native,#ruby-on-rails"
